title,company,city,link
Коммерческий директор (Краснодар),ООО Неометрия,Москва,https://hh.ru/vacancy/68850442?from=vacancy_search_list&hhtmFrom=vacancy_search_list&query=%D0%B4%D0%B8%D1%80%D0%B5%D0%BA%D1%82%D0%BE%D1%80
Директор филиала розничной сети,Франчайзинговая розничная сеть Галамарт,Санкт-Петербург,https://hh.ru/vacancy/53696799?from=vacancy_search_list&hhtmFrom=vacancy_search_list&query=%D0%B4%D0%B8%D1%80%D0%B5%D0%BA%D1%82%D0%BE%D1%80
Директор по развитию розницы (Гипермаркеты),ООО Сима-ленд,Екатеринбург,https://hh.ru/vacancy/68903476?from=vacancy_search_list&hhtmFrom=vacancy_search_list&query=%D0%B4%D0%B8%D1%80%D0%B5%D0%BA%D1%82%D0%BE%D1%80
Региональный управляющий группой магазинов,Франчайзинговая розничная сеть Галамарт,Санкт-Петербург,https://hh.ru/vacancy/68564407?from=vacancy_search_list&hhtmFrom=vacancy_search_list&query=%D0%B4%D0%B8%D1%80%D0%B5%D0%BA%D1%82%D0%BE%D1%80
"Руководитель товарного направления ""Продукты питания""",Франчайзинговая розничная сеть Галамарт,Москва,https://hh.ru/vacancy/68559985?from=vacancy_search_list&hhtmFrom=vacancy_search_list&query=%D0%B4%D0%B8%D1%80%D0%B5%D0%BA%D1%82%D0%BE%D1%80
Управляющий в Букмекерский Клуб,ООО Фирма СТОМ,Москва,https://hh.ru/vacancy/68897462?from=vacancy_search_list&hhtmFrom=vacancy_search_list&query=%D0%B4%D0%B8%D1%80%D0%B5%D0%BA%D1%82%D0%BE%D1%80
Операционный директор,ОсОО Тенгри Тек,Бишкек,https://hh.ru/vacancy/68806457?from=vacancy_search_list&hhtmFrom=vacancy_search_list&query=%D0%B4%D0%B8%D1%80%D0%B5%D0%BA%D1%82%D0%BE%D1%80
Руководитель отдела продаж,Негосударственное высшее образовательное учреждение,Ташкент,https://hh.ru/vacancy/68911223?from=vacancy_search_list&hhtmFrom=vacancy_search_list&query=%D0%B4%D0%B8%D1%80%D0%B5%D0%BA%D1%82%D0%BE%D1%80
Региональный управляющий магазинами (Нижневартовск),Франчайзинговая розничная сеть Галамарт,Тюмень,https://hh.ru/vacancy/68587536?from=vacancy_search_list&hhtmFrom=vacancy_search_list&query=%D0%B4%D0%B8%D1%80%D0%B5%D0%BA%D1%82%D0%BE%D1%80
Директор макрорегиона POS-кредитования,Тинькофф,Москва,https://hh.ru/vacancy/68295974?from=vacancy_search_list&hhtmFrom=vacancy_search_list&query=%D0%B4%D0%B8%D1%80%D0%B5%D0%BA%D1%82%D0%BE%D1%80
Директор филиала,ТОО Тави Павлодар,Петропавловск,https://hh.ru/vacancy/68765506?from=vacancy_search_list&hhtmFrom=vacancy_search_list&query=%D0%B4%D0%B8%D1%80%D0%B5%D0%BA%D1%82%D0%BE%D1%80
Директор филиала (г.Кызылорда),ТОО Interoil-Marketing & Services Kazakhstan,Кызылорда,https://hh.ru/vacancy/68848398?from=vacancy_search_list&hhtmFrom=vacancy_search_list&query=%D0%B4%D0%B8%D1%80%D0%B5%D0%BA%D1%82%D0%BE%D1%80
Директор филиала,ТОО Тави Павлодар,Усть-Каменогорск,https://hh.ru/vacancy/68765486?from=vacancy_search_list&hhtmFrom=vacancy_search_list&query=%D0%B4%D0%B8%D1%80%D0%B5%D0%BA%D1%82%D0%BE%D1%80
Коммерческий директор FinTech,ECOS,Москва,https://hh.ru/vacancy/68803704?from=vacancy_search_list&hhtmFrom=vacancy_search_list&query=%D0%B4%D0%B8%D1%80%D0%B5%D0%BA%D1%82%D0%BE%D1%80
Директор по продажам B2B,EventyOn,Санкт-Петербург,https://hh.ru/vacancy/68388056?from=vacancy_search_list&hhtmFrom=vacancy_search_list&query=%D0%B4%D0%B8%D1%80%D0%B5%D0%BA%D1%82%D0%BE%D1%80
Клиент Сервис Директор брендингового агентства,"VOZDUH, рекламное агентство",Санкт-Петербург,https://hh.ru/vacancy/68044305?from=vacancy_search_list&hhtmFrom=vacancy_search_list&query=%D0%B4%D0%B8%D1%80%D0%B5%D0%BA%D1%82%D0%BE%D1%80
"Руководитель отдела продаж ГК ""Medor""","MEDOR, Рекламное агентство",Москва,https://hh.ru/vacancy/68789322?from=vacancy_search_list&hhtmFrom=vacancy_search_list&query=%D0%B4%D0%B8%D1%80%D0%B5%D0%BA%D1%82%D0%BE%D1%80
Директор салона красоты QUEEN BEE,ИП Амиркулова,Алматы,https://hh.ru/vacancy/68781265?from=vacancy_search_list&hhtmFrom=vacancy_search_list&query=%D0%B4%D0%B8%D1%80%D0%B5%D0%BA%D1%82%D0%BE%D1%80
Руководитель отдела железнодорожных перевозок,ООО Глоуб Экспресс Сервисиз,Москва,https://hh.ru/vacancy/68728890?from=vacancy_search_list&hhtmFrom=vacancy_search_list&query=%D0%B4%D0%B8%D1%80%D0%B5%D0%BA%D1%82%D0%BE%D1%80
"Руководитель группы продаж (на входе в должность с ""нулевой"" командой)",2ГИС,Красноярск,https://hh.ru/vacancy/68812529?from=vacancy_search_list&hhtmFrom=vacancy_search_list&query=%D0%B4%D0%B8%D1%80%D0%B5%D0%BA%D1%82%D0%BE%D1%80
Коммерческий директор,ООО РИКЦ,Москва,https://hh.ru/vacancy/68885191?from=vacancy_search_list&hhtmFrom=vacancy_search_list&query=%D0%B4%D0%B8%D1%80%D0%B5%D0%BA%D1%82%D0%BE%D1%80
Директор категорийного департамента,ООО КАЗАНЬЭКСПРЕСС,Краснодар,https://hh.ru/vacancy/68879280?from=vacancy_search_list&hhtmFrom=vacancy_search_list&query=%D0%B4%D0%B8%D1%80%D0%B5%D0%BA%D1%82%D0%BE%D1%80
Директор категорийного департамента,ООО КАЗАНЬЭКСПРЕСС,Екатеринбург,https://hh.ru/vacancy/68879264?from=vacancy_search_list&hhtmFrom=vacancy_search_list&query=%D0%B4%D0%B8%D1%80%D0%B5%D0%BA%D1%82%D0%BE%D1%80
Финансовый директор\Исполнительный директор,ИП Лурье Евгений Александрович,Москва,https://hh.ru/vacancy/68574076?from=vacancy_search_list&hhtmFrom=vacancy_search_list&query=%D0%B4%D0%B8%D1%80%D0%B5%D0%BA%D1%82%D0%BE%D1%80
Директор,Диво Остров,Санкт-Петербург,https://hh.ru/vacancy/68872805?from=vacancy_search_list&hhtmFrom=vacancy_search_list&query=%D0%B4%D0%B8%D1%80%D0%B5%D0%BA%D1%82%D0%BE%D1%80
Директор Торгового комплекса,Холдинговая Компания Тандем,Москва,https://hh.ru/vacancy/68116216?from=vacancy_search_list&hhtmFrom=vacancy_search_list&query=%D0%B4%D0%B8%D1%80%D0%B5%D0%BA%D1%82%D0%BE%D1%80
Директор по корпоративным и оптовым продажам,ООО Анкор-Амур,Новосибирск,https://hh.ru/vacancy/68811375?from=vacancy_search_list&hhtmFrom=vacancy_search_list&query=%D0%B4%D0%B8%D1%80%D0%B5%D0%BA%D1%82%D0%BE%D1%80
Коммерческий директор (релокация),Дизайн Сервис,Москва,https://hh.ru/vacancy/68376175?from=vacancy_search_list&hhtmFrom=vacancy_search_list&query=%D0%B4%D0%B8%D1%80%D0%B5%D0%BA%D1%82%D0%BE%D1%80
Руководитель дивизона (Мурманск),HR PARTNER,Санкт-Петербург,https://hh.ru/vacancy/68927660?from=vacancy_search_list&hhtmFrom=vacancy_search_list&query=%D0%B4%D0%B8%D1%80%D0%B5%D0%BA%D1%82%D0%BE%D1%80
Коммерческий директор,Фибратек,Рязань,https://hh.ru/vacancy/68850966?from=vacancy_search_list&hhtmFrom=vacancy_search_list&query=%D0%B4%D0%B8%D1%80%D0%B5%D0%BA%D1%82%D0%BE%D1%80
Генеральный директор,ООО Эир Токио,Обнинск,https://hh.ru/vacancy/68837045?from=vacancy_search_list&hhtmFrom=vacancy_search_list&query=%D0%B4%D0%B8%D1%80%D0%B5%D0%BA%D1%82%D0%BE%D1%80
Коммерческий директор,"Пирамида, УК",Челябинск,https://hh.ru/vacancy/68719927?from=vacancy_search_list&hhtmFrom=vacancy_search_list&query=%D0%B4%D0%B8%D1%80%D0%B5%D0%BA%D1%82%D0%BE%D1%80
Директор отделения,билайн,Иркутск,https://hh.ru/vacancy/68934339?from=vacancy_search_list&hhtmFrom=vacancy_search_list&query=%D0%B4%D0%B8%D1%80%D0%B5%D0%BA%D1%82%D0%BE%D1%80
Заместитель руководителя загородного гостиничного комплекса по развитию,ООО Вела Менеджмент,Москва,https://hh.ru/vacancy/68937857?from=vacancy_search_list&hhtmFrom=vacancy_search_list&query=%D0%B4%D0%B8%D1%80%D0%B5%D0%BA%D1%82%D0%BE%D1%80
Директор категорийного департамента,ООО КАЗАНЬЭКСПРЕСС,Санкт-Петербург,https://hh.ru/vacancy/68879158?from=vacancy_search_list&hhtmFrom=vacancy_search_list&query=%D0%B4%D0%B8%D1%80%D0%B5%D0%BA%D1%82%D0%BE%D1%80
Заместитель директора подразделения,АО Газпромбанк Лизинг,Владивосток,https://hh.ru/vacancy/68784267?from=vacancy_search_list&hhtmFrom=vacancy_search_list&query=%D0%B4%D0%B8%D1%80%D0%B5%D0%BA%D1%82%D0%BE%D1%80
Директор / Исполнительный директор,АО АСК,Липецк,https://hh.ru/vacancy/68031855?from=vacancy_search_list&hhtmFrom=vacancy_search_list&query=%D0%B4%D0%B8%D1%80%D0%B5%D0%BA%D1%82%D0%BE%D1%80
Коммерческий директор,HR PARTNER,Санкт-Петербург,https://hh.ru/vacancy/68784124?from=vacancy_search_list&hhtmFrom=vacancy_search_list&query=%D0%B4%D0%B8%D1%80%D0%B5%D0%BA%D1%82%D0%BE%D1%80
Директор филиала,ООО ЛГ Машинери,Саратов,https://hh.ru/vacancy/68862935?from=vacancy_search_list&hhtmFrom=vacancy_search_list&query=%D0%B4%D0%B8%D1%80%D0%B5%D0%BA%D1%82%D0%BE%D1%80
Руководитель бизнес группы,ПАО Совкомбанк,Санкт-Петербург,https://hh.ru/vacancy/68918871?from=vacancy_search_list&hhtmFrom=vacancy_search_list&query=%D0%B4%D0%B8%D1%80%D0%B5%D0%BA%D1%82%D0%BE%D1%80
Директор по продажам,ООО МЕТИЗ ИМПЭКС,Москва,https://hh.ru/vacancy/68414096?from=vacancy_search_list&hhtmFrom=vacancy_search_list&query=%D0%B4%D0%B8%D1%80%D0%B5%D0%BA%D1%82%D0%BE%D1%80
Генеральный директор,ООО ОТК-групп,Москва,https://hh.ru/vacancy/68845975?from=vacancy_search_list&hhtmFrom=vacancy_search_list&query=%D0%B4%D0%B8%D1%80%D0%B5%D0%BA%D1%82%D0%BE%D1%80
Генеральный директор,HR Skill,Нижний Новгород,https://hh.ru/vacancy/67536021?from=vacancy_search_list&hhtmFrom=vacancy_search_list&query=%D0%B4%D0%B8%D1%80%D0%B5%D0%BA%D1%82%D0%BE%D1%80
Руководитель региональной сети офисов,Jobers,Ставрополь,https://hh.ru/vacancy/68818422?from=vacancy_search_list&hhtmFrom=vacancy_search_list&query=%D0%B4%D0%B8%D1%80%D0%B5%D0%BA%D1%82%D0%BE%D1%80
Операционный директор,Smart Bee,Красноярск,https://hh.ru/vacancy/55337490?from=vacancy_search_list&hhtmFrom=vacancy_search_list&query=%D0%B4%D0%B8%D1%80%D0%B5%D0%BA%D1%82%D0%BE%D1%80
Руководитель объекта,ООО Кристалл,Красноярск,https://hh.ru/vacancy/68646030?from=vacancy_search_list&hhtmFrom=vacancy_search_list&query=%D0%B4%D0%B8%D1%80%D0%B5%D0%BA%D1%82%D0%BE%D1%80
Операционный директор/руководитель,ООО НИОКР-ТРЕЙД,Москва,https://hh.ru/vacancy/68389845?from=vacancy_search_list&hhtmFrom=vacancy_search_list&query=%D0%B4%D0%B8%D1%80%D0%B5%D0%BA%D1%82%D0%BE%D1%80
Директор офиса,ИП Чеснокова Наталья Владимировна,Москва,https://hh.ru/vacancy/68807774?from=vacancy_search_list&hhtmFrom=vacancy_search_list&query=%D0%B4%D0%B8%D1%80%D0%B5%D0%BA%D1%82%D0%BE%D1%80
Генеральный директор Дорожное строительство,Urals Capital,Красноярск,https://hh.ru/vacancy/68591759?from=vacancy_search_list&hhtmFrom=vacancy_search_list&query=%D0%B4%D0%B8%D1%80%D0%B5%D0%BA%D1%82%D0%BE%D1%80
Директор РУО (г. Владивосток),Производственный Кооператив Управляющая Компания,Владивосток,https://hh.ru/vacancy/68404848?from=vacancy_search_list&hhtmFrom=vacancy_search_list&query=%D0%B4%D0%B8%D1%80%D0%B5%D0%BA%D1%82%D0%BE%D1%80
Руководитель региональной сети офисов,Jobers,Казань,https://hh.ru/vacancy/68818622?from=vacancy_search_list&hhtmFrom=vacancy_search_list&query=%D0%B4%D0%B8%D1%80%D0%B5%D0%BA%D1%82%D0%BE%D1%80
"Операционный директор в ""Проект Жизнь""",Проект Жизнь,Москва,https://hh.ru/vacancy/68742552?from=vacancy_search_list&hhtmFrom=vacancy_search_list&query=%D0%B4%D0%B8%D1%80%D0%B5%D0%BA%D1%82%D0%BE%D1%80
Директор по цепям поставок/Supply Chain Director,ООО Акульчев,Москва,https://hh.ru/vacancy/68286694?from=vacancy_search_list&hhtmFrom=vacancy_search_list&query=%D0%B4%D0%B8%D1%80%D0%B5%D0%BA%D1%82%D0%BE%D1%80
Директор по персоналу,ООО Транстрой,Санкт-Петербург,https://hh.ru/vacancy/68812300?from=vacancy_search_list&hhtmFrom=vacancy_search_list&query=%D0%B4%D0%B8%D1%80%D0%B5%D0%BA%D1%82%D0%BE%D1%80
Начальник опытного производства,ООО ПК РОСНА Инжиниринг,Санкт-Петербург,https://hh.ru/vacancy/68870220?from=vacancy_search_list&hhtmFrom=vacancy_search_list&query=%D0%B4%D0%B8%D1%80%D0%B5%D0%BA%D1%82%D0%BE%D1%80
Исполнительный директор (Директор пищевого предприятия),ООО Агроинновация,Курск,https://hh.ru/vacancy/68788103?from=vacancy_search_list&hhtmFrom=vacancy_search_list&query=%D0%B4%D0%B8%D1%80%D0%B5%D0%BA%D1%82%D0%BE%D1%80
Директор подразделения,ООО ЛК Эволюция,Тольятти,https://hh.ru/vacancy/68873748?from=vacancy_search_list&hhtmFrom=vacancy_search_list&query=%D0%B4%D0%B8%D1%80%D0%B5%D0%BA%D1%82%D0%BE%D1%80
Коммерческий директор,ООО СТП,Нижний Новгород,https://hh.ru/vacancy/68913525?from=vacancy_search_list&hhtmFrom=vacancy_search_list&query=%D0%B4%D0%B8%D1%80%D0%B5%D0%BA%D1%82%D0%BE%D1%80
Директор производства,Галиев Ирек Римович,Нижнекамск,https://hh.ru/vacancy/68877465?from=vacancy_search_list&hhtmFrom=vacancy_search_list&query=%D0%B4%D0%B8%D1%80%D0%B5%D0%BA%D1%82%D0%BE%D1%80
Исполнительный директор (производство),Империя кадров,Нижний Новгород,https://hh.ru/vacancy/68666368?from=vacancy_search_list&hhtmFrom=vacancy_search_list&query=%D0%B4%D0%B8%D1%80%D0%B5%D0%BA%D1%82%D0%BE%D1%80
Исполнительный директор,Pellet Park,Киров (Кировская область),https://hh.ru/vacancy/68710327?from=vacancy_search_list&hhtmFrom=vacancy_search_list&query=%D0%B4%D0%B8%D1%80%D0%B5%D0%BA%D1%82%D0%BE%D1%80
Управляющий директор предприятия,ООО УК Машинвесткапитал,Кумертау,https://hh.ru/vacancy/68865140?from=vacancy_search_list&hhtmFrom=vacancy_search_list&query=%D0%B4%D0%B8%D1%80%D0%B5%D0%BA%D1%82%D0%BE%D1%80
Руководитель направления розничных продаж,ООО Виерт Трэйд,Москва,https://hh.ru/vacancy/68776262?from=vacancy_search_list&hhtmFrom=vacancy_search_list&query=%D0%B4%D0%B8%D1%80%D0%B5%D0%BA%D1%82%D0%BE%D1%80
Директор службы заказчика,ООО Строй Бизнес Групп,Санкт-Петербург,https://hh.ru/vacancy/68356251?from=vacancy_search_list&hhtmFrom=vacancy_search_list&query=%D0%B4%D0%B8%D1%80%D0%B5%D0%BA%D1%82%D0%BE%D1%80
Операционный директор - Первый заместитель руководителя ресторанного бизнес-комплекса,Группа Гута,Москва,https://hh.ru/vacancy/67781315?from=vacancy_search_list&hhtmFrom=vacancy_search_list&query=%D0%B4%D0%B8%D1%80%D0%B5%D0%BA%D1%82%D0%BE%D1%80
Операционный директор,ООО Текстильно,Пятигорск,https://hh.ru/vacancy/68506669?from=vacancy_search_list&hhtmFrom=vacancy_search_list&query=%D0%B4%D0%B8%D1%80%D0%B5%D0%BA%D1%82%D0%BE%D1%80
Управляющий в фирменный магазин iPort (Apple Premium Reseller),NBCom Group,Казань,https://hh.ru/vacancy/68918443?from=vacancy_search_list&hhtmFrom=vacancy_search_list&query=%D0%B4%D0%B8%D1%80%D0%B5%D0%BA%D1%82%D0%BE%D1%80
Руководитель отдела по региональным продажам,ООО Гагаринский консервный комбинат,Москва,https://hh.ru/vacancy/68870133?from=vacancy_search_list&hhtmFrom=vacancy_search_list&query=%D0%B4%D0%B8%D1%80%D0%B5%D0%BA%D1%82%D0%BE%D1%80
Директор по цепям поставок (food/non-food),StaffRecruitment,Москва,https://hh.ru/vacancy/55868722?from=vacancy_search_list&hhtmFrom=vacancy_search_list&query=%D0%B4%D0%B8%D1%80%D0%B5%D0%BA%D1%82%D0%BE%D1%80
Коммерческий директор (Алматы),ООО Ордамед,Москва,https://hh.ru/vacancy/68932487?from=vacancy_search_list&hhtmFrom=vacancy_search_list&query=%D0%B4%D0%B8%D1%80%D0%B5%D0%BA%D1%82%D0%BE%D1%80
Генеральный директор,ООО ФЦБ,Симферополь,https://hh.ru/vacancy/68659372?from=vacancy_search_list&hhtmFrom=vacancy_search_list&query=%D0%B4%D0%B8%D1%80%D0%B5%D0%BA%D1%82%D0%BE%D1%80
Руководитель развития региона,ООО Чижик,Казань,https://hh.ru/vacancy/68851289?from=vacancy_search_list&hhtmFrom=vacancy_search_list&query=%D0%B4%D0%B8%D1%80%D0%B5%D0%BA%D1%82%D0%BE%D1%80
Заместитель генерального управляющего отелем,Ц-К менеджмент,Санкт-Петербург,https://hh.ru/vacancy/68355655?from=vacancy_search_list&hhtmFrom=vacancy_search_list&query=%D0%B4%D0%B8%D1%80%D0%B5%D0%BA%D1%82%D0%BE%D1%80
Исполнительный директор,ТОО КАРАДА ПРО,Алматы,https://hh.ru/vacancy/68802549?from=vacancy_search_list&hhtmFrom=vacancy_search_list&query=%D0%B4%D0%B8%D1%80%D0%B5%D0%BA%D1%82%D0%BE%D1%80
Директор филиала (в г. Южно-Сахалинск),ООО Сахалин-Трейд,Санкт-Петербург,https://hh.ru/vacancy/68931791?from=vacancy_search_list&hhtmFrom=vacancy_search_list&query=%D0%B4%D0%B8%D1%80%D0%B5%D0%BA%D1%82%D0%BE%D1%80
Финансовый директор,Бруталити,Казань,https://hh.ru/vacancy/68800602?from=vacancy_search_list&hhtmFrom=vacancy_search_list&query=%D0%B4%D0%B8%D1%80%D0%B5%D0%BA%D1%82%D0%BE%D1%80
Генеральный директор Дорожное строительство,Urals Capital,Тюмень,https://hh.ru/vacancy/68591756?from=vacancy_search_list&hhtmFrom=vacancy_search_list&query=%D0%B4%D0%B8%D1%80%D0%B5%D0%BA%D1%82%D0%BE%D1%80
Руководитель направления (удаленно),ТОО Витрина плюс,ТОО Витрина плюс,https://hh.ru/vacancy/68865643?from=vacancy_search_list&hhtmFrom=vacancy_search_list&query=%D0%B4%D0%B8%D1%80%D0%B5%D0%BA%D1%82%D0%BE%D1%80
Заместитель директора департамента казначейства Народного банка Узбекистана (Головной офис),Xalq Banki,Алматы,https://hh.ru/vacancy/68345971?from=vacancy_search_list&hhtmFrom=vacancy_search_list&query=%D0%B4%D0%B8%D1%80%D0%B5%D0%BA%D1%82%D0%BE%D1%80
Управляющий салона красоты,ИП Дмитриева Елена Николаевна,Москва,https://hh.ru/vacancy/68418377?from=vacancy_search_list&hhtmFrom=vacancy_search_list&query=%D0%B4%D0%B8%D1%80%D0%B5%D0%BA%D1%82%D0%BE%D1%80
Руководитель отдела продаж грузовиков и спецтехники,ООО Надежные Машины,Санкт-Петербург,https://hh.ru/vacancy/68919507?from=vacancy_search_list&hhtmFrom=vacancy_search_list&query=%D0%B4%D0%B8%D1%80%D0%B5%D0%BA%D1%82%D0%BE%D1%80
Операционный директор (F&B director),EventyOn,Санкт-Петербург,https://hh.ru/vacancy/68803660?from=vacancy_search_list&hhtmFrom=vacancy_search_list&query=%D0%B4%D0%B8%D1%80%D0%B5%D0%BA%D1%82%D0%BE%D1%80
Директор филиала,Медиахолдинг Свежий ветер,Самара,https://hh.ru/vacancy/68930262?from=vacancy_search_list&hhtmFrom=vacancy_search_list&query=%D0%B4%D0%B8%D1%80%D0%B5%D0%BA%D1%82%D0%BE%D1%80
Технический директор,АО Химки-СМИ,Химки,https://hh.ru/vacancy/68016826?from=vacancy_search_list&hhtmFrom=vacancy_search_list&query=%D0%B4%D0%B8%D1%80%D0%B5%D0%BA%D1%82%D0%BE%D1%80
Коммерческий директор фиксированного бизнеса,билайн,Ярославль,https://hh.ru/vacancy/68576025?from=vacancy_search_list&hhtmFrom=vacancy_search_list&query=%D0%B4%D0%B8%D1%80%D0%B5%D0%BA%D1%82%D0%BE%D1%80
Управляющий Директор банным комплексом,ТОО ЛесТорг-Пв,Павлодар,https://hh.ru/vacancy/68768019?from=vacancy_search_list&hhtmFrom=vacancy_search_list&query=%D0%B4%D0%B8%D1%80%D0%B5%D0%BA%D1%82%D0%BE%D1%80
Коммерческий директор по организации коммерческого блока,ТДО Qurmet Pro,Нур-Султан,https://hh.ru/vacancy/68032042?from=vacancy_search_list&hhtmFrom=vacancy_search_list&query=%D0%B4%D0%B8%D1%80%D0%B5%D0%BA%D1%82%D0%BE%D1%80
Руководитель складских операций,Леруа Мерлен. Склады,Москва,https://hh.ru/vacancy/68776429?from=vacancy_search_list&hhtmFrom=vacancy_search_list&query=%D0%B4%D0%B8%D1%80%D0%B5%D0%BA%D1%82%D0%BE%D1%80
Руководитель департамента по работе с операторами связи,билайн,Москва,https://hh.ru/vacancy/68797660?from=vacancy_search_list&hhtmFrom=vacancy_search_list&query=%D0%B4%D0%B8%D1%80%D0%B5%D0%BA%D1%82%D0%BE%D1%80
Руководитель филиала,ООО Тика Про,Новосибирск,https://hh.ru/vacancy/68440231?from=vacancy_search_list&hhtmFrom=vacancy_search_list&query=%D0%B4%D0%B8%D1%80%D0%B5%D0%BA%D1%82%D0%BE%D1%80
Директор строительного магазина,Ellis Design,Уфа,https://hh.ru/vacancy/68853267?from=vacancy_search_list&hhtmFrom=vacancy_search_list&query=%D0%B4%D0%B8%D1%80%D0%B5%D0%BA%D1%82%D0%BE%D1%80
Коммерческий директор,Жираф,Барнаул,https://hh.ru/vacancy/67593006?from=vacancy_search_list&hhtmFrom=vacancy_search_list&query=%D0%B4%D0%B8%D1%80%D0%B5%D0%BA%D1%82%D0%BE%D1%80
Руководитель отдела продаж,АО ЦВЕТКОВ И ПАРТНЕРЫ,АО ЦВЕТКОВ И ПАРТНЕРЫ,https://hh.ru/vacancy/68874768?from=vacancy_search_list&hhtmFrom=vacancy_search_list&query=%D0%B4%D0%B8%D1%80%D0%B5%D0%BA%D1%82%D0%BE%D1%80
Коммерческий директор,Drhead,Москва,https://hh.ru/vacancy/67301288?from=vacancy_search_list&hhtmFrom=vacancy_search_list&query=%D0%B4%D0%B8%D1%80%D0%B5%D0%BA%D1%82%D0%BE%D1%80
Операционный директор,УК Русские сезоны,Москва,https://hh.ru/vacancy/68631761?from=vacancy_search_list&hhtmFrom=vacancy_search_list&query=%D0%B4%D0%B8%D1%80%D0%B5%D0%BA%D1%82%D0%BE%D1%80
Главный трейдер по закупке и реализации нефти и нефтепродуктов/Коммерческий Директор,Пр-во Эй-Си-Джи Файненс лимитед,Санкт-Петербург,https://hh.ru/vacancy/68898978?from=vacancy_search_list&hhtmFrom=vacancy_search_list&query=%D0%B4%D0%B8%D1%80%D0%B5%D0%BA%D1%82%D0%BE%D1%80
Руководитель партнерского центра/Менеджер среднего звена (г.Москва),ИП Мустафина Гульнара Фирдавесовна,Москва,https://hh.ru/vacancy/68606368?from=vacancy_search_list&hhtmFrom=vacancy_search_list&query=%D0%B4%D0%B8%D1%80%D0%B5%D0%BA%D1%82%D0%BE%D1%80
Управляющий сети магазинов,Орлянская Лариса Витальевна,Омск,https://hh.ru/vacancy/68326993?from=vacancy_search_list&hhtmFrom=vacancy_search_list&query=%D0%B4%D0%B8%D1%80%D0%B5%D0%BA%D1%82%D0%BE%D1%80
Руководитель/Директор офиса,ООО СмениКварти.Ру,Москва,https://hh.ru/vacancy/68660657?from=vacancy_search_list&hhtmFrom=vacancy_search_list&query=%D0%B4%D0%B8%D1%80%D0%B5%D0%BA%D1%82%D0%BE%D1%80
Директор автосервисного центра,ШИНСЕРВИС,Санкт-Петербург,https://hh.ru/vacancy/68701213?from=vacancy_search_list&hhtmFrom=vacancy_search_list&query=%D0%B4%D0%B8%D1%80%D0%B5%D0%BA%D1%82%D0%BE%D1%80
Директор Клиники в г. Сочи,ООО Варикоза Нет,Омск,https://hh.ru/vacancy/68876082?from=vacancy_search_list&hhtmFrom=vacancy_search_list&query=%D0%B4%D0%B8%D1%80%D0%B5%D0%BA%D1%82%D0%BE%D1%80
Директор,ТОО МФО Credit365 Kazakhstan (Кредит 365 Казахстан),Алматы,https://hh.ru/vacancy/68144332?from=vacancy_search_list&hhtmFrom=vacancy_search_list&query=%D0%B4%D0%B8%D1%80%D0%B5%D0%BA%D1%82%D0%BE%D1%80
Управляющий сети,ЛК МАЛАХИТ,Сочи,https://hh.ru/vacancy/68643953?from=vacancy_search_list&hhtmFrom=vacancy_search_list&query=%D0%B4%D0%B8%D1%80%D0%B5%D0%BA%D1%82%D0%BE%D1%80
Руководитель филиала,ООО Тринити,Ростов-на-Дону,https://hh.ru/vacancy/68562001?from=vacancy_search_list&hhtmFrom=vacancy_search_list&query=%D0%B4%D0%B8%D1%80%D0%B5%D0%BA%D1%82%D0%BE%D1%80
Управляющий сети школ вокала,Vocal-Mix,Москва,https://hh.ru/vacancy/55565454?from=vacancy_search_list&hhtmFrom=vacancy_search_list&query=%D0%B4%D0%B8%D1%80%D0%B5%D0%BA%D1%82%D0%BE%D1%80
Head of Sales Department / Руководитель отдела продаж,GENIUS SCHOOL,GENIUS SCHOOL,https://hh.ru/vacancy/68878661?from=vacancy_search_list&hhtmFrom=vacancy_search_list&query=%D0%B4%D0%B8%D1%80%D0%B5%D0%BA%D1%82%D0%BE%D1%80
Руководитель отдела продаж,Ardistroy,Москва,https://hh.ru/vacancy/68930241?from=vacancy_search_list&hhtmFrom=vacancy_search_list&query=%D0%B4%D0%B8%D1%80%D0%B5%D0%BA%D1%82%D0%BE%D1%80
Управляющий в ресторан (Fine Dining),Ресторанный Холдинг Тигрус,Москва,https://hh.ru/vacancy/68883003?from=vacancy_search_list&hhtmFrom=vacancy_search_list&query=%D0%B4%D0%B8%D1%80%D0%B5%D0%BA%D1%82%D0%BE%D1%80
Менеджер (Управляющий),Казанский Филиал ООО Фонкор,Киров (Кировская область),https://hh.ru/vacancy/68895184?from=vacancy_search_list&hhtmFrom=vacancy_search_list&query=%D0%B4%D0%B8%D1%80%D0%B5%D0%BA%D1%82%D0%BE%D1%80
Директор по цифровой трансформации (CDTO),Pudov,Москва,https://hh.ru/vacancy/68651696?from=vacancy_search_list&hhtmFrom=vacancy_search_list&query=%D0%B4%D0%B8%D1%80%D0%B5%D0%BA%D1%82%D0%BE%D1%80
Финансовый директор (CFO),ООО Требити,Москва,https://hh.ru/vacancy/68624823?from=vacancy_search_list&hhtmFrom=vacancy_search_list&query=%D0%B4%D0%B8%D1%80%D0%B5%D0%BA%D1%82%D0%BE%D1%80
Директор хлебозавода,ООО Возрождение,Почеп,https://hh.ru/vacancy/68868724?from=vacancy_search_list&hhtmFrom=vacancy_search_list&query=%D0%B4%D0%B8%D1%80%D0%B5%D0%BA%D1%82%D0%BE%D1%80
Заместитель операционного директора (пекарни),ООО Неотрейд,Ижевск,https://hh.ru/vacancy/68285520?from=vacancy_search_list&hhtmFrom=vacancy_search_list&query=%D0%B4%D0%B8%D1%80%D0%B5%D0%BA%D1%82%D0%BE%D1%80
Руководитель\управляющий по маркетплейсам,ИП Бродская Наталья Владимировна,ИП Бродская Наталья Владимировна,https://hh.ru/vacancy/68387074?from=vacancy_search_list&hhtmFrom=vacancy_search_list&query=%D0%B4%D0%B8%D1%80%D0%B5%D0%BA%D1%82%D0%BE%D1%80
Управляющий / Операционный директор,Сервисный центр iSupport,Москва,https://hh.ru/vacancy/68410861?from=vacancy_search_list&hhtmFrom=vacancy_search_list&query=%D0%B4%D0%B8%D1%80%D0%B5%D0%BA%D1%82%D0%BE%D1%80
Директор автосалона,ООО Моторинвест,Москва,https://hh.ru/vacancy/68620653?from=vacancy_search_list&hhtmFrom=vacancy_search_list&query=%D0%B4%D0%B8%D1%80%D0%B5%D0%BA%D1%82%D0%BE%D1%80
Заместитель операционного директора (пекарни),ООО Неотрейд,Санкт-Петербург,https://hh.ru/vacancy/68285517?from=vacancy_search_list&hhtmFrom=vacancy_search_list&query=%D0%B4%D0%B8%D1%80%D0%B5%D0%BA%D1%82%D0%BE%D1%80
Управляющий (руководитель региона) в г. Иваново,Банк Русский Стандарт,Казань,https://hh.ru/vacancy/68850260?from=vacancy_search_list&hhtmFrom=vacancy_search_list&query=%D0%B4%D0%B8%D1%80%D0%B5%D0%BA%D1%82%D0%BE%D1%80
Директор по продажам,Mediator Group,Екатеринбург,https://hh.ru/vacancy/68027640?from=vacancy_search_list&hhtmFrom=vacancy_search_list&query=%D0%B4%D0%B8%D1%80%D0%B5%D0%BA%D1%82%D0%BE%D1%80
Генеральный директор управляющей компании (МКД ЖКХ),Ассоциация управляющих многоквартирными домами Основа,Москва,https://hh.ru/vacancy/66518188?from=vacancy_search_list&hhtmFrom=vacancy_search_list&query=%D0%B4%D0%B8%D1%80%D0%B5%D0%BA%D1%82%D0%BE%D1%80
Руководитель офиса продаж (руководитель обособленного подразделения),"Деловая Русь, группа компаний",Иркутск,https://hh.ru/vacancy/68490430?from=vacancy_search_list&hhtmFrom=vacancy_search_list&query=%D0%B4%D0%B8%D1%80%D0%B5%D0%BA%D1%82%D0%BE%D1%80
Директор по развитию бизнеса,ООО Кофейный Барон,Челябинск,https://hh.ru/vacancy/68817985?from=vacancy_search_list&hhtmFrom=vacancy_search_list&query=%D0%B4%D0%B8%D1%80%D0%B5%D0%BA%D1%82%D0%BE%D1%80
Исполнительный директор,ООО НПП Спецавиа,Москва,https://hh.ru/vacancy/68519629?from=vacancy_search_list&hhtmFrom=vacancy_search_list&query=%D0%B4%D0%B8%D1%80%D0%B5%D0%BA%D1%82%D0%BE%D1%80
Управляющий автопарком,ООО Невакар,Санкт-Петербург,https://hh.ru/vacancy/68125020?from=vacancy_search_list&hhtmFrom=vacancy_search_list&query=%D0%B4%D0%B8%D1%80%D0%B5%D0%BA%D1%82%D0%BE%D1%80
Территориальный управляющий в ресторан (суши-бар),Много Лосося (ООО Эмейзинг Пицца Бор),Москва,https://hh.ru/vacancy/68134141?from=vacancy_search_list&hhtmFrom=vacancy_search_list&query=%D0%B4%D0%B8%D1%80%D0%B5%D0%BA%D1%82%D0%BE%D1%80
Директор по работе с корпоративными клиентами (банковский сектор),FinCredit,Москва,https://hh.ru/vacancy/68610537?from=vacancy_search_list&hhtmFrom=vacancy_search_list&query=%D0%B4%D0%B8%D1%80%D0%B5%D0%BA%D1%82%D0%BE%D1%80
Управляющий директор бизнес-единицы,Teikaboom,Москва,https://hh.ru/vacancy/66810221?from=vacancy_search_list&hhtmFrom=vacancy_search_list&query=%D0%B4%D0%B8%D1%80%D0%B5%D0%BA%D1%82%D0%BE%D1%80
Директор железнодорожной транспортной компании,ТОО D.B Logistics,Нур-Султан,https://hh.ru/vacancy/68880696?from=vacancy_search_list&hhtmFrom=vacancy_search_list&query=%D0%B4%D0%B8%D1%80%D0%B5%D0%BA%D1%82%D0%BE%D1%80
Заместитель операционного директора (пекарни),ООО Неотрейд,Москва,https://hh.ru/vacancy/68285515?from=vacancy_search_list&hhtmFrom=vacancy_search_list&query=%D0%B4%D0%B8%D1%80%D0%B5%D0%BA%D1%82%D0%BE%D1%80
Заместитель генерального директора в топливную компанию в ЯНАО,АО ТОП-АЛЬЯНС,Тюмень,https://hh.ru/vacancy/67415801?from=vacancy_search_list&hhtmFrom=vacancy_search_list&query=%D0%B4%D0%B8%D1%80%D0%B5%D0%BA%D1%82%D0%BE%D1%80
Руководитель отдела продаж,ООО АЛЛЕС,Санкт-Петербург,https://hh.ru/vacancy/68843687?from=vacancy_search_list&hhtmFrom=vacancy_search_list&query=%D0%B4%D0%B8%D1%80%D0%B5%D0%BA%D1%82%D0%BE%D1%80
Директор производства,ООО Сварочный цех,Москва,https://hh.ru/vacancy/68211265?from=vacancy_search_list&hhtmFrom=vacancy_search_list&query=%D0%B4%D0%B8%D1%80%D0%B5%D0%BA%D1%82%D0%BE%D1%80
Директор магазина (г. Каспийск),ИП Яников Рашид Заурович,Махачкала,https://hh.ru/vacancy/68571250?from=vacancy_search_list&hhtmFrom=vacancy_search_list&query=%D0%B4%D0%B8%D1%80%D0%B5%D0%BA%D1%82%D0%BE%D1%80
Финансовый директор,Алма Продакшн,Ставрополь,https://hh.ru/vacancy/68138077?from=vacancy_search_list&hhtmFrom=vacancy_search_list&query=%D0%B4%D0%B8%D1%80%D0%B5%D0%BA%D1%82%D0%BE%D1%80
Руководитель по эффективности бизнеса магазина,Леруа Мерлен. Гипермаркеты,Санкт-Петербург,https://hh.ru/vacancy/53554262?from=vacancy_search_list&hhtmFrom=vacancy_search_list&query=%D0%B4%D0%B8%D1%80%D0%B5%D0%BA%D1%82%D0%BE%D1%80
Руководитель/Директор колл-центра,ООО Анатомия,Москва,https://hh.ru/vacancy/68871275?from=vacancy_search_list&hhtmFrom=vacancy_search_list&query=%D0%B4%D0%B8%D1%80%D0%B5%D0%BA%D1%82%D0%BE%D1%80
Руководитель отдела продаж и снабжения,ООО ТРАНСЭКСПЕРТ,Москва,https://hh.ru/vacancy/68850641?from=vacancy_search_list&hhtmFrom=vacancy_search_list&query=%D0%B4%D0%B8%D1%80%D0%B5%D0%BA%D1%82%D0%BE%D1%80
Управляющий (руководитель региона) в г. Иваново,Банк Русский Стандарт,Владимир,https://hh.ru/vacancy/68850258?from=vacancy_search_list&hhtmFrom=vacancy_search_list&query=%D0%B4%D0%B8%D1%80%D0%B5%D0%BA%D1%82%D0%BE%D1%80
Заместитель директора по производству (в Бердске),Первый Снег,Бердск,https://hh.ru/vacancy/68911952?from=vacancy_search_list&hhtmFrom=vacancy_search_list&query=%D0%B4%D0%B8%D1%80%D0%B5%D0%BA%D1%82%D0%BE%D1%80
Руководитель отдела продаж,Калкулэйт,Санкт-Петербург,https://hh.ru/vacancy/68526724?from=vacancy_search_list&hhtmFrom=vacancy_search_list&query=%D0%B4%D0%B8%D1%80%D0%B5%D0%BA%D1%82%D0%BE%D1%80
Заведующий магазином,ТОО Бэст Прайс Казахстан,Кандыагаш,https://hh.ru/vacancy/68717733?from=vacancy_search_list&hhtmFrom=vacancy_search_list&query=%D0%B4%D0%B8%D1%80%D0%B5%D0%BA%D1%82%D0%BE%D1%80
Бренд-директор,ООО Диорит,Ростов-на-Дону,https://hh.ru/vacancy/68003054?from=vacancy_search_list&hhtmFrom=vacancy_search_list&query=%D0%B4%D0%B8%D1%80%D0%B5%D0%BA%D1%82%D0%BE%D1%80
Коммерческий директор в международный проект для детей,ООО Театр Аф,Санкт-Петербург,https://hh.ru/vacancy/68593481?from=vacancy_search_list&hhtmFrom=vacancy_search_list&query=%D0%B4%D0%B8%D1%80%D0%B5%D0%BA%D1%82%D0%BE%D1%80
Дизайн-директор,Data Driven Lab,Санкт-Петербург,https://hh.ru/vacancy/67375275?from=vacancy_search_list&hhtmFrom=vacancy_search_list&query=%D0%B4%D0%B8%D1%80%D0%B5%D0%BA%D1%82%D0%BE%D1%80
Директор универсального офиса,Банк ВТБ (ПАО),Краснодар,https://hh.ru/vacancy/67765567?from=vacancy_search_list&hhtmFrom=vacancy_search_list&query=%D0%B4%D0%B8%D1%80%D0%B5%D0%BA%D1%82%D0%BE%D1%80
Финансовый директор,Алма Продакшн,Ростов-на-Дону,https://hh.ru/vacancy/68138078?from=vacancy_search_list&hhtmFrom=vacancy_search_list&query=%D0%B4%D0%B8%D1%80%D0%B5%D0%BA%D1%82%D0%BE%D1%80
Руководитель отдела продаж IT компании(Удаленно),ООО Айти Платформа,ООО Айти Платформа,https://hh.ru/vacancy/68774753?from=vacancy_search_list&hhtmFrom=vacancy_search_list&query=%D0%B4%D0%B8%D1%80%D0%B5%D0%BA%D1%82%D0%BE%D1%80
HR партнер / HR директор,ООО Октус,Санкт-Петербург,https://hh.ru/vacancy/68801333?from=vacancy_search_list&hhtmFrom=vacancy_search_list&query=%D0%B4%D0%B8%D1%80%D0%B5%D0%BA%D1%82%D0%BE%D1%80
"Руководитель группы офисов / Начальник сети офисов (Москва, Юг Москвы)",билайн,Москва,https://hh.ru/vacancy/68045611?from=vacancy_search_list&hhtmFrom=vacancy_search_list&query=%D0%B4%D0%B8%D1%80%D0%B5%D0%BA%D1%82%D0%BE%D1%80
Директор по развитию бизнес-направлений,Like Центр,Москва,https://hh.ru/vacancy/68468662?from=vacancy_search_list&hhtmFrom=vacancy_search_list&query=%D0%B4%D0%B8%D1%80%D0%B5%D0%BA%D1%82%D0%BE%D1%80
Директор по развитию сети оптик,ООО Три-З,Краснодар,https://hh.ru/vacancy/68154050?from=vacancy_search_list&hhtmFrom=vacancy_search_list&query=%D0%B4%D0%B8%D1%80%D0%B5%D0%BA%D1%82%D0%BE%D1%80
Руководитель отдела продаж B2B,TONKA,Москва,https://hh.ru/vacancy/67370320?from=vacancy_search_list&hhtmFrom=vacancy_search_list&query=%D0%B4%D0%B8%D1%80%D0%B5%D0%BA%D1%82%D0%BE%D1%80
Директор по маркетингу,Можайская executive,Москва,https://hh.ru/vacancy/68110333?from=vacancy_search_list&hhtmFrom=vacancy_search_list&query=%D0%B4%D0%B8%D1%80%D0%B5%D0%BA%D1%82%D0%BE%D1%80
Управляющая/Управляющий кофейни,ТОО Dostar coffee,Москва,https://hh.ru/vacancy/68671111?from=vacancy_search_list&hhtmFrom=vacancy_search_list&query=%D0%B4%D0%B8%D1%80%D0%B5%D0%BA%D1%82%D0%BE%D1%80
Региональный директор,ТОО FREEDOM MOBILE,Шымкент,https://hh.ru/vacancy/68757809?from=vacancy_search_list&hhtmFrom=vacancy_search_list&query=%D0%B4%D0%B8%D1%80%D0%B5%D0%BA%D1%82%D0%BE%D1%80
Управляющий салоном красоты,Центр Красоты и Здоровья Мармелад PRO,Москва,https://hh.ru/vacancy/68660557?from=vacancy_search_list&hhtmFrom=vacancy_search_list&query=%D0%B4%D0%B8%D1%80%D0%B5%D0%BA%D1%82%D0%BE%D1%80
Руководитель отдела продаж в IT Компанию,ООО Система Продаж,Москва,https://hh.ru/vacancy/68514756?from=vacancy_search_list&hhtmFrom=vacancy_search_list&query=%D0%B4%D0%B8%D1%80%D0%B5%D0%BA%D1%82%D0%BE%D1%80
Директор филиала,ООО Нпк Химия,Барнаул,https://hh.ru/vacancy/68477155?from=vacancy_search_list&hhtmFrom=vacancy_search_list&query=%D0%B4%D0%B8%D1%80%D0%B5%D0%BA%D1%82%D0%BE%D1%80
Руководитель отдела продаж СРО (входящие заявки),ООО СРО-Экспертиза,Санкт-Петербург,https://hh.ru/vacancy/68853502?from=vacancy_search_list&hhtmFrom=vacancy_search_list&query=%D0%B4%D0%B8%D1%80%D0%B5%D0%BA%D1%82%D0%BE%D1%80
Генеральный директор школы,ТОО Корпорация управления бизнесом (КУБ),Алматы,https://hh.ru/vacancy/68062810?from=vacancy_search_list&hhtmFrom=vacancy_search_list&query=%D0%B4%D0%B8%D1%80%D0%B5%D0%BA%D1%82%D0%BE%D1%80
Руководитель филиала УФО,ООО Комплектстрой,Екатеринбург,https://hh.ru/vacancy/68129381?from=vacancy_search_list&hhtmFrom=vacancy_search_list&query=%D0%B4%D0%B8%D1%80%D0%B5%D0%BA%D1%82%D0%BE%D1%80
Управляющий директор в суши бар,LASOSЬ - Sushi & rolls,Новосибирск,https://hh.ru/vacancy/68508041?from=vacancy_search_list&hhtmFrom=vacancy_search_list&query=%D0%B4%D0%B8%D1%80%D0%B5%D0%BA%D1%82%D0%BE%D1%80
Руководитель отдела продаж,ИП Белихин Роман Александрович,Москва,https://hh.ru/vacancy/68653991?from=vacancy_search_list&hhtmFrom=vacancy_search_list&query=%D0%B4%D0%B8%D1%80%D0%B5%D0%BA%D1%82%D0%BE%D1%80
Директор гипермаркета (ТРЦ Новомоскосвкий),Домовой,Москва,https://hh.ru/vacancy/68159191?from=vacancy_search_list&hhtmFrom=vacancy_search_list&query=%D0%B4%D0%B8%D1%80%D0%B5%D0%BA%D1%82%D0%BE%D1%80
Технический директор,Hardcore,Москва,https://hh.ru/vacancy/68410953?from=vacancy_search_list&hhtmFrom=vacancy_search_list&query=%D0%B4%D0%B8%D1%80%D0%B5%D0%BA%D1%82%D0%BE%D1%80
Директор филиала,Торговый дом София,Моздок,https://hh.ru/vacancy/68384928?from=vacancy_search_list&hhtmFrom=vacancy_search_list&query=%D0%B4%D0%B8%D1%80%D0%B5%D0%BA%D1%82%D0%BE%D1%80
Директор магазина,УК Консалтинг -НН,Красноярск,https://hh.ru/vacancy/68826393?from=vacancy_search_list&hhtmFrom=vacancy_search_list&query=%D0%B4%D0%B8%D1%80%D0%B5%D0%BA%D1%82%D0%BE%D1%80
Директор по организационному развитию (удаленно),Нескучные Финансы,Нескучные Финансы,https://hh.ru/vacancy/67890929?from=vacancy_search_list&hhtmFrom=vacancy_search_list&query=%D0%B4%D0%B8%D1%80%D0%B5%D0%BA%D1%82%D0%BE%D1%80
Операционный директор,HR SERVICE,HR SERVICE,https://hh.ru/vacancy/68787296?from=vacancy_search_list&hhtmFrom=vacancy_search_list&query=%D0%B4%D0%B8%D1%80%D0%B5%D0%BA%D1%82%D0%BE%D1%80
Директор по продажам,Общество с ограниченной ответственностью Трубная Снабженческая Компания-Регион,Челябинск,https://hh.ru/vacancy/68892651?from=vacancy_search_list&hhtmFrom=vacancy_search_list&query=%D0%B4%D0%B8%D1%80%D0%B5%D0%BA%D1%82%D0%BE%D1%80
Бизнес - ассистент/заместитель директора,ООО ТПК Полимер-Сервис,Новосибирск,https://hh.ru/vacancy/68765210?from=vacancy_search_list&hhtmFrom=vacancy_search_list&query=%D0%B4%D0%B8%D1%80%D0%B5%D0%BA%D1%82%D0%BE%D1%80
Руководитель отдела продаж (сборные грузы),ООО НОВОТЭК,Тюмень,https://hh.ru/vacancy/68796614?from=vacancy_search_list&hhtmFrom=vacancy_search_list&query=%D0%B4%D0%B8%D1%80%D0%B5%D0%BA%D1%82%D0%BE%D1%80
Директор магазина Светофор (п. Новомихайловский),ООО Торгсервис 123,Новомихайловский,https://hh.ru/vacancy/68781070?from=vacancy_search_list&hhtmFrom=vacancy_search_list&query=%D0%B4%D0%B8%D1%80%D0%B5%D0%BA%D1%82%D0%BE%D1%80
Директор дилерского центра (Барнаул),ООО Р-Моторс ЛАДА,Барнаул,https://hh.ru/vacancy/68427847?from=vacancy_search_list&hhtmFrom=vacancy_search_list&query=%D0%B4%D0%B8%D1%80%D0%B5%D0%BA%D1%82%D0%BE%D1%80
Руководитель департамента деловых мероприятий/Шеф MICE,ТОО Интэрнэшнл Трэвэл плюс,Алматы,https://hh.ru/vacancy/68920448?from=vacancy_search_list&hhtmFrom=vacancy_search_list&query=%D0%B4%D0%B8%D1%80%D0%B5%D0%BA%D1%82%D0%BE%D1%80
Директор по маркетингу,Лаборатория Катрин,Екатеринбург,https://hh.ru/vacancy/68816222?from=vacancy_search_list&hhtmFrom=vacancy_search_list&query=%D0%B4%D0%B8%D1%80%D0%B5%D0%BA%D1%82%D0%BE%D1%80
Директор по бурению и зарезке боковых стволов,Группа Компаний Петро Велт Технолоджис,Москва,https://hh.ru/vacancy/68727937?from=vacancy_search_list&hhtmFrom=vacancy_search_list&query=%D0%B4%D0%B8%D1%80%D0%B5%D0%BA%D1%82%D0%BE%D1%80
Директор флагманского магазина женской одежды,Charuel,Москва,https://hh.ru/vacancy/67551655?from=vacancy_search_list&hhtmFrom=vacancy_search_list&query=%D0%B4%D0%B8%D1%80%D0%B5%D0%BA%D1%82%D0%BE%D1%80
Руководитель отдела продаж (офис),ООО Амиго-Груп,Ростов-на-Дону,https://hh.ru/vacancy/68891867?from=vacancy_search_list&hhtmFrom=vacancy_search_list&query=%D0%B4%D0%B8%D1%80%D0%B5%D0%BA%D1%82%D0%BE%D1%80
Региональный директор по рознице,АО ГЛОРИЯ ДЖИНС. Магазины,Барнаул,https://hh.ru/vacancy/67697913?from=vacancy_search_list&hhtmFrom=vacancy_search_list&query=%D0%B4%D0%B8%D1%80%D0%B5%D0%BA%D1%82%D0%BE%D1%80
Руководитель отдела региональных продаж,ООО Галактика,Санкт-Петербург,https://hh.ru/vacancy/68640443?from=vacancy_search_list&hhtmFrom=vacancy_search_list&query=%D0%B4%D0%B8%D1%80%D0%B5%D0%BA%D1%82%D0%BE%D1%80
Руководитель отдела по работе с торговыми сетями,Группа компаний «Новосибхолод»,Москва,https://hh.ru/vacancy/68564092?from=vacancy_search_list&hhtmFrom=vacancy_search_list&query=%D0%B4%D0%B8%D1%80%D0%B5%D0%BA%D1%82%D0%BE%D1%80
"Директор магазина ""Светофор"" в г.Азов",Сеть магазинов низких цен Светофор,Азов,https://hh.ru/vacancy/68938423?from=vacancy_search_list&hhtmFrom=vacancy_search_list&query=%D0%B4%D0%B8%D1%80%D0%B5%D0%BA%D1%82%D0%BE%D1%80
Заместитель директора филиала,АО Совплим,Москва,https://hh.ru/vacancy/67977586?from=vacancy_search_list&hhtmFrom=vacancy_search_list&query=%D0%B4%D0%B8%D1%80%D0%B5%D0%BA%D1%82%D0%BE%D1%80
Директор мебельных салонов,Дятьково,Орел,https://hh.ru/vacancy/68292438?from=vacancy_search_list&hhtmFrom=vacancy_search_list&query=%D0%B4%D0%B8%D1%80%D0%B5%D0%BA%D1%82%D0%BE%D1%80
Руководитель проектного офиса,"Лента, федеральная розничная сеть, Офис",Санкт-Петербург,https://hh.ru/vacancy/68295798?from=vacancy_search_list&hhtmFrom=vacancy_search_list&query=%D0%B4%D0%B8%D1%80%D0%B5%D0%BA%D1%82%D0%BE%D1%80
Заместитель директора в салон мягкой мебели,MZ5,Санкт-Петербург,https://hh.ru/vacancy/66690560?from=vacancy_search_list&hhtmFrom=vacancy_search_list&query=%D0%B4%D0%B8%D1%80%D0%B5%D0%BA%D1%82%D0%BE%D1%80
Директор производства,Группа компаний Сача,Москва,https://hh.ru/vacancy/68767650?from=vacancy_search_list&hhtmFrom=vacancy_search_list&query=%D0%B4%D0%B8%D1%80%D0%B5%D0%BA%D1%82%D0%BE%D1%80
Руководитель отдела продаж,ООО РемиЛинг,Москва,https://hh.ru/vacancy/67836442?from=vacancy_search_list&hhtmFrom=vacancy_search_list&query=%D0%B4%D0%B8%D1%80%D0%B5%D0%BA%D1%82%D0%BE%D1%80
Территориальный управляющий (офис),Like Центр,Екатеринбург,https://hh.ru/vacancy/68452815?from=vacancy_search_list&hhtmFrom=vacancy_search_list&query=%D0%B4%D0%B8%D1%80%D0%B5%D0%BA%D1%82%D0%BE%D1%80
Коммерческий директор,Си-Эн-Эс,Москва,https://hh.ru/vacancy/68660390?from=vacancy_search_list&hhtmFrom=vacancy_search_list&query=%D0%B4%D0%B8%D1%80%D0%B5%D0%BA%D1%82%D0%BE%D1%80
Руководитель отдела продаж/Директор по продажам/Директор магазина,ООО Альтек,Новосибирск,https://hh.ru/vacancy/68515909?from=vacancy_search_list&hhtmFrom=vacancy_search_list&query=%D0%B4%D0%B8%D1%80%D0%B5%D0%BA%D1%82%D0%BE%D1%80
Генеральный директор / Управляющая (Управляющий) салоном красоты,Family Group,Москва,https://hh.ru/vacancy/68664282?from=vacancy_search_list&hhtmFrom=vacancy_search_list&query=%D0%B4%D0%B8%D1%80%D0%B5%D0%BA%D1%82%D0%BE%D1%80
Директор розничного бизнеса,билайн,Челябинск,https://hh.ru/vacancy/68458197?from=vacancy_search_list&hhtmFrom=vacancy_search_list&query=%D0%B4%D0%B8%D1%80%D0%B5%D0%BA%D1%82%D0%BE%D1%80
Руководитель проекта по развитию продаж,АО Красная звезда,Москва,https://hh.ru/vacancy/68773477?from=vacancy_search_list&hhtmFrom=vacancy_search_list&query=%D0%B4%D0%B8%D1%80%D0%B5%D0%BA%D1%82%D0%BE%D1%80
Начальник цеха/руководитель производства,ТРОКОТ,Ивантеевка,https://hh.ru/vacancy/67915909?from=vacancy_search_list&hhtmFrom=vacancy_search_list&query=%D0%B4%D0%B8%D1%80%D0%B5%D0%BA%D1%82%D0%BE%D1%80
Директор гипермаркета,Леруа Мерлен. Гипермаркеты,Владивосток,https://hh.ru/vacancy/68496645?from=vacancy_search_list&hhtmFrom=vacancy_search_list&query=%D0%B4%D0%B8%D1%80%D0%B5%D0%BA%D1%82%D0%BE%D1%80
Директор службы поддержки,ТОО AVIATA.KZ,Алматы,https://hh.ru/vacancy/68782885?from=vacancy_search_list&hhtmFrom=vacancy_search_list&query=%D0%B4%D0%B8%D1%80%D0%B5%D0%BA%D1%82%D0%BE%D1%80
Исполнительный директор пироговой Штолле,ООО Мупай,Мурманск,https://hh.ru/vacancy/68087681?from=vacancy_search_list&hhtmFrom=vacancy_search_list&query=%D0%B4%D0%B8%D1%80%D0%B5%D0%BA%D1%82%D0%BE%D1%80
Директор филиала транспортной компании BARTEX,ООО Бартэкс,Новосибирск,https://hh.ru/vacancy/68800354?from=vacancy_search_list&hhtmFrom=vacancy_search_list&query=%D0%B4%D0%B8%D1%80%D0%B5%D0%BA%D1%82%D0%BE%D1%80
Руководитель дирекции,ООО ИЗОБИЛИЕ,Бугульма,https://hh.ru/vacancy/68906193?from=vacancy_search_list&hhtmFrom=vacancy_search_list&query=%D0%B4%D0%B8%D1%80%D0%B5%D0%BA%D1%82%D0%BE%D1%80
Управляющий студии,ТОО BeFit AST,Нур-Султан,https://hh.ru/vacancy/68724600?from=vacancy_search_list&hhtmFrom=vacancy_search_list&query=%D0%B4%D0%B8%D1%80%D0%B5%D0%BA%D1%82%D0%BE%D1%80
Руководитель отдела по работе с ключевыми партнерами,ООО Палладиум Стандарт,Москва,https://hh.ru/vacancy/68380402?from=vacancy_search_list&hhtmFrom=vacancy_search_list&query=%D0%B4%D0%B8%D1%80%D0%B5%D0%BA%D1%82%D0%BE%D1%80
Руководитель пляжа,Курорт MIRACLEON,Анапа,https://hh.ru/vacancy/68750563?from=vacancy_search_list&hhtmFrom=vacancy_search_list&query=%D0%B4%D0%B8%D1%80%D0%B5%D0%BA%D1%82%D0%BE%D1%80
"Управляющий / Директор магазина (ТРЦ ""Альтаир"")",Федеральная сеть книжных магазинов Читай-город,Ярославль,https://hh.ru/vacancy/53624106?from=vacancy_search_list&hhtmFrom=vacancy_search_list&query=%D0%B4%D0%B8%D1%80%D0%B5%D0%BA%D1%82%D0%BE%D1%80
Заместитель директора,ООО Олан,Тюмень,https://hh.ru/vacancy/68620184?from=vacancy_search_list&hhtmFrom=vacancy_search_list&query=%D0%B4%D0%B8%D1%80%D0%B5%D0%BA%D1%82%D0%BE%D1%80
Директор по производству,ООО Маркетплейс Среда,Санкт-Петербург,https://hh.ru/vacancy/68776296?from=vacancy_search_list&hhtmFrom=vacancy_search_list&query=%D0%B4%D0%B8%D1%80%D0%B5%D0%BA%D1%82%D0%BE%D1%80
Коммерческий директор с опытом работы в сфере общественного питания и продовольствия,ИП Гаспарян Самвел Георгиевич,Москва,https://hh.ru/vacancy/68693707?from=vacancy_search_list&hhtmFrom=vacancy_search_list&query=%D0%B4%D0%B8%D1%80%D0%B5%D0%BA%D1%82%D0%BE%D1%80
Руководитель отдела активных продаж (РОП),ПрофМастер,Москва,https://hh.ru/vacancy/68580747?from=vacancy_search_list&hhtmFrom=vacancy_search_list&query=%D0%B4%D0%B8%D1%80%D0%B5%D0%BA%D1%82%D0%BE%D1%80
Заместитель Директора,ТОО MAGNUM. Защита активов и предотвращение потерь/Активтерді қорғау және шығындарды болдырмау,Шымкент,https://hh.ru/vacancy/68902466?from=vacancy_search_list&hhtmFrom=vacancy_search_list&query=%D0%B4%D0%B8%D1%80%D0%B5%D0%BA%D1%82%D0%BE%D1%80
Директор по развитию розничной сети,Pedant.ru (ИП Шехтель Андрей Владимирович),Иркутск,https://hh.ru/vacancy/68921231?from=vacancy_search_list&hhtmFrom=vacancy_search_list&query=%D0%B4%D0%B8%D1%80%D0%B5%D0%BA%D1%82%D0%BE%D1%80
Директор филиала (г. Красноярск),Proplex,Красноярск,https://hh.ru/vacancy/68167235?from=vacancy_search_list&hhtmFrom=vacancy_search_list&query=%D0%B4%D0%B8%D1%80%D0%B5%D0%BA%D1%82%D0%BE%D1%80
Руководитель направления по аренде спецтехники,ООО Стройпроектконсалдинг,Москва,https://hh.ru/vacancy/68494634?from=vacancy_search_list&hhtmFrom=vacancy_search_list&query=%D0%B4%D0%B8%D1%80%D0%B5%D0%BA%D1%82%D0%BE%D1%80
Директор нового филиала,"ТОО Этажи, ТМ (ТОО Etagi Almaty)",Алматы,https://hh.ru/vacancy/67881495?from=vacancy_search_list&hhtmFrom=vacancy_search_list&query=%D0%B4%D0%B8%D1%80%D0%B5%D0%BA%D1%82%D0%BE%D1%80
Операционный директор (2 частные школы),One International School,Москва,https://hh.ru/vacancy/68295253?from=vacancy_search_list&hhtmFrom=vacancy_search_list&query=%D0%B4%D0%B8%D1%80%D0%B5%D0%BA%D1%82%D0%BE%D1%80
Директор по производству (с релокацией),ООО Акульчев,Москва,https://hh.ru/vacancy/66180644?from=vacancy_search_list&hhtmFrom=vacancy_search_list&query=%D0%B4%D0%B8%D1%80%D0%B5%D0%BA%D1%82%D0%BE%D1%80
Директор отделения страхования,ООО НСС,Москва,https://hh.ru/vacancy/68838023?from=vacancy_search_list&hhtmFrom=vacancy_search_list&query=%D0%B4%D0%B8%D1%80%D0%B5%D0%BA%D1%82%D0%BE%D1%80
Руководитель отдела продаж удаленно в продюсерский центр Петра Резникова,ИП Резников Петр Иванович,Москва,https://hh.ru/vacancy/68141288?from=vacancy_search_list&hhtmFrom=vacancy_search_list&query=%D0%B4%D0%B8%D1%80%D0%B5%D0%BA%D1%82%D0%BE%D1%80
Коммерческий директор,ТОО Актобе-Этажи,Актобе,https://hh.ru/vacancy/67574096?from=vacancy_search_list&hhtmFrom=vacancy_search_list&query=%D0%B4%D0%B8%D1%80%D0%B5%D0%BA%D1%82%D0%BE%D1%80
Директор гипермаркета,Леруа Мерлен. Гипермаркеты,Кемерово,https://hh.ru/vacancy/67862109?from=vacancy_search_list&hhtmFrom=vacancy_search_list&query=%D0%B4%D0%B8%D1%80%D0%B5%D0%BA%D1%82%D0%BE%D1%80
Директор магазина (ул. Ленина),"ООО «ОФИСМАГ», Розничное направление: работа в магазине",Рузаевка,https://hh.ru/vacancy/68640695?from=vacancy_search_list&hhtmFrom=vacancy_search_list&query=%D0%B4%D0%B8%D1%80%D0%B5%D0%BA%D1%82%D0%BE%D1%80
Руководитель филиала-магазина (г. Вельск),Трактородеталь,Вельск,https://hh.ru/vacancy/67023770?from=vacancy_search_list&hhtmFrom=vacancy_search_list&query=%D0%B4%D0%B8%D1%80%D0%B5%D0%BA%D1%82%D0%BE%D1%80
Директор филиала B2B (отделочные материалы),ООО Комплектстрой,Владивосток,https://hh.ru/vacancy/68254167?from=vacancy_search_list&hhtmFrom=vacancy_search_list&query=%D0%B4%D0%B8%D1%80%D0%B5%D0%BA%D1%82%D0%BE%D1%80
Директор по строительству,ЯСКА,Москва,https://hh.ru/vacancy/68733259?from=vacancy_search_list&hhtmFrom=vacancy_search_list&query=%D0%B4%D0%B8%D1%80%D0%B5%D0%BA%D1%82%D0%BE%D1%80
Директор по продажам,ТОО RB Brands,Алматы,https://hh.ru/vacancy/68233418?from=vacancy_search_list&hhtmFrom=vacancy_search_list&query=%D0%B4%D0%B8%D1%80%D0%B5%D0%BA%D1%82%D0%BE%D1%80
Руководитель в офис,Реал Инвест,Сочи,https://hh.ru/vacancy/66171126?from=vacancy_search_list&hhtmFrom=vacancy_search_list&query=%D0%B4%D0%B8%D1%80%D0%B5%D0%BA%D1%82%D0%BE%D1%80
Управляющий автосервисом (м. Планерная),Автопилот,Москва,https://hh.ru/vacancy/67986464?from=vacancy_search_list&hhtmFrom=vacancy_search_list&query=%D0%B4%D0%B8%D1%80%D0%B5%D0%BA%D1%82%D0%BE%D1%80
Заместитель генерального директора по логистике в ТЭК,ООО МАРШАЛ,Санкт-Петербург,https://hh.ru/vacancy/67159985?from=vacancy_search_list&hhtmFrom=vacancy_search_list&query=%D0%B4%D0%B8%D1%80%D0%B5%D0%BA%D1%82%D0%BE%D1%80
Директор розничного магазина (сантехника),Водопад,Санкт-Петербург,https://hh.ru/vacancy/67296702?from=vacancy_search_list&hhtmFrom=vacancy_search_list&query=%D0%B4%D0%B8%D1%80%D0%B5%D0%BA%D1%82%D0%BE%D1%80
Директор магазина,ИП Якимов Руслан Евгеньевич,Медведево,https://hh.ru/vacancy/68281305?from=vacancy_search_list&hhtmFrom=vacancy_search_list&query=%D0%B4%D0%B8%D1%80%D0%B5%D0%BA%D1%82%D0%BE%D1%80
Директор по развитию бизнеса,BLOOMGAR,Санкт-Петербург,https://hh.ru/vacancy/68431105?from=vacancy_search_list&hhtmFrom=vacancy_search_list&query=%D0%B4%D0%B8%D1%80%D0%B5%D0%BA%D1%82%D0%BE%D1%80
Региональный управляющий/управляющий группой магазинов,ИП Показаньев Павел Владимирович,Екатеринбург,https://hh.ru/vacancy/68488674?from=vacancy_search_list&hhtmFrom=vacancy_search_list&query=%D0%B4%D0%B8%D1%80%D0%B5%D0%BA%D1%82%D0%BE%D1%80
Кустовой директор,Слата,Усть-Илимск,https://hh.ru/vacancy/55896748?from=vacancy_search_list&hhtmFrom=vacancy_search_list&query=%D0%B4%D0%B8%D1%80%D0%B5%D0%BA%D1%82%D0%BE%D1%80
Исполнительный директор,ООО Финанс Бизнес Консалт,Краснодар,https://hh.ru/vacancy/50065847?from=vacancy_search_list&hhtmFrom=vacancy_search_list&query=%D0%B4%D0%B8%D1%80%D0%B5%D0%BA%D1%82%D0%BE%D1%80
Управляющий директор в ресторан,ТОО DIBA GROUP,Нур-Султан,https://hh.ru/vacancy/68102138?from=vacancy_search_list&hhtmFrom=vacancy_search_list&query=%D0%B4%D0%B8%D1%80%D0%B5%D0%BA%D1%82%D0%BE%D1%80
Коммерческий директор,ООО ЭКОСРЕДА,Москва,https://hh.ru/vacancy/68396846?from=vacancy_search_list&hhtmFrom=vacancy_search_list&query=%D0%B4%D0%B8%D1%80%D0%B5%D0%BA%D1%82%D0%BE%D1%80
"Коммерчески директор (WB,OZON + оффлайн)",ООО Долсо,Сочи,https://hh.ru/vacancy/68710689?from=vacancy_search_list&hhtmFrom=vacancy_search_list&query=%D0%B4%D0%B8%D1%80%D0%B5%D0%BA%D1%82%D0%BE%D1%80
Директор магазина SUNLIGHT / САНЛАЙТ,SUNLIGHT/САНЛАЙТ,Таганрог,https://hh.ru/vacancy/68149435?from=vacancy_search_list&hhtmFrom=vacancy_search_list&query=%D0%B4%D0%B8%D1%80%D0%B5%D0%BA%D1%82%D0%BE%D1%80
Начальник отдела коммерческой недвижимости (фонды),Группа Самолет,Москва,https://hh.ru/vacancy/68730274?from=vacancy_search_list&hhtmFrom=vacancy_search_list&query=%D0%B4%D0%B8%D1%80%D0%B5%D0%BA%D1%82%D0%BE%D1%80
Директор по продажам / Коммерческий директор туроператора,ООО ЭМЦ,Москва,https://hh.ru/vacancy/68893337?from=vacancy_search_list&hhtmFrom=vacancy_search_list&query=%D0%B4%D0%B8%D1%80%D0%B5%D0%BA%D1%82%D0%BE%D1%80
"Исполнительный директор (металлопрокат, кровельно-фасадные материалы)",ООО Ленинградский Завод Металлоконструкций Металлгарант,Новосибирск,https://hh.ru/vacancy/68867488?from=vacancy_search_list&hhtmFrom=vacancy_search_list&query=%D0%B4%D0%B8%D1%80%D0%B5%D0%BA%D1%82%D0%BE%D1%80
Управляющий/Управляющая торговым центром,ООО УК Возрождение,Архангельск,https://hh.ru/vacancy/68564997?from=vacancy_search_list&hhtmFrom=vacancy_search_list&query=%D0%B4%D0%B8%D1%80%D0%B5%D0%BA%D1%82%D0%BE%D1%80
Руководитель сектора,Леруа Мерлен. Гипермаркеты,Рязань,https://hh.ru/vacancy/54462172?from=vacancy_search_list&hhtmFrom=vacancy_search_list&query=%D0%B4%D0%B8%D1%80%D0%B5%D0%BA%D1%82%D0%BE%D1%80
Категорийный директор,ТОО JMart,Алматы,https://hh.ru/vacancy/68722687?from=vacancy_search_list&hhtmFrom=vacancy_search_list&query=%D0%B4%D0%B8%D1%80%D0%B5%D0%BA%D1%82%D0%BE%D1%80
Управляющий сети,"ООО Флэш, РА",Владивосток,https://hh.ru/vacancy/67789889?from=vacancy_search_list&hhtmFrom=vacancy_search_list&query=%D0%B4%D0%B8%D1%80%D0%B5%D0%BA%D1%82%D0%BE%D1%80
Директор департамента продаж,Этажи Красноярск,Казань,https://hh.ru/vacancy/68728957?from=vacancy_search_list&hhtmFrom=vacancy_search_list&query=%D0%B4%D0%B8%D1%80%D0%B5%D0%BA%D1%82%D0%BE%D1%80
Коммерческий директор по корпоративным продажам,ТДО Qurmet Pro,Алматы,https://hh.ru/vacancy/68032153?from=vacancy_search_list&hhtmFrom=vacancy_search_list&query=%D0%B4%D0%B8%D1%80%D0%B5%D0%BA%D1%82%D0%BE%D1%80
Руководитель направления развития бизнеса,Петро-Сервис,Санкт-Петербург,https://hh.ru/vacancy/68185677?from=vacancy_search_list&hhtmFrom=vacancy_search_list&query=%D0%B4%D0%B8%D1%80%D0%B5%D0%BA%D1%82%D0%BE%D1%80
"Исполнительный директор в УК ""Термы""",ООО УК Термы,Ижевск,https://hh.ru/vacancy/67971973?from=vacancy_search_list&hhtmFrom=vacancy_search_list&query=%D0%B4%D0%B8%D1%80%D0%B5%D0%BA%D1%82%D0%BE%D1%80
Директор автосервисного центра,ШИНСЕРВИС,Москва,https://hh.ru/vacancy/66931214?from=vacancy_search_list&hhtmFrom=vacancy_search_list&query=%D0%B4%D0%B8%D1%80%D0%B5%D0%BA%D1%82%D0%BE%D1%80
Старший администратор клиники/Руководитель отдела продаж медицинских услуг/ Руководитель медицинский,Клиника лечения позвоночника и суставов доктора Длина,Москва,https://hh.ru/vacancy/68441287?from=vacancy_search_list&hhtmFrom=vacancy_search_list&query=%D0%B4%D0%B8%D1%80%D0%B5%D0%BA%D1%82%D0%BE%D1%80
Директор магазина,ТОО САЙБО,Нур-Султан,https://hh.ru/vacancy/68728164?from=vacancy_search_list&hhtmFrom=vacancy_search_list&query=%D0%B4%D0%B8%D1%80%D0%B5%D0%BA%D1%82%D0%BE%D1%80
Операционный директор,Нек. орг. Ассоциация предприятий индустрии детских товаров,Москва,https://hh.ru/vacancy/68564066?from=vacancy_search_list&hhtmFrom=vacancy_search_list&query=%D0%B4%D0%B8%D1%80%D0%B5%D0%BA%D1%82%D0%BE%D1%80
Управляющий фабрики-кухни,ООО За Обе Щеки,Москва,https://hh.ru/vacancy/68537955?from=vacancy_search_list&hhtmFrom=vacancy_search_list&query=%D0%B4%D0%B8%D1%80%D0%B5%D0%BA%D1%82%D0%BE%D1%80
Директор / Руководитель,Группа компаний Радуга,Самара,https://hh.ru/vacancy/68678521?from=vacancy_search_list&hhtmFrom=vacancy_search_list&query=%D0%B4%D0%B8%D1%80%D0%B5%D0%BA%D1%82%D0%BE%D1%80
"Директор магазина (Нижневартовск, Интернациональная, 38а)",Пятёрочка. Магазины,Нижневартовск,https://hh.ru/vacancy/68939151?from=vacancy_search_list&hhtmFrom=vacancy_search_list&query=%D0%B4%D0%B8%D1%80%D0%B5%D0%BA%D1%82%D0%BE%D1%80
Директор проекта (открытие колледжей в регионах),СИНЕРГИЯ,Москва,https://hh.ru/vacancy/67771100?from=vacancy_search_list&hhtmFrom=vacancy_search_list&query=%D0%B4%D0%B8%D1%80%D0%B5%D0%BA%D1%82%D0%BE%D1%80
"Управляющий магазином ""Нью Йоркер"" ТЦ Амбар",NEW YORKER,Самара,https://hh.ru/vacancy/68732946?from=vacancy_search_list&hhtmFrom=vacancy_search_list&query=%D0%B4%D0%B8%D1%80%D0%B5%D0%BA%D1%82%D0%BE%D1%80
Директор направления Новых Автомобилей,ТОО Урал-Кров-Авто Плюс,Уральск,https://hh.ru/vacancy/68389664?from=vacancy_search_list&hhtmFrom=vacancy_search_list&query=%D0%B4%D0%B8%D1%80%D0%B5%D0%BA%D1%82%D0%BE%D1%80
Финансовый директор,ЭР-Телеком,Пермь,https://hh.ru/vacancy/68717458?from=vacancy_search_list&hhtmFrom=vacancy_search_list&query=%D0%B4%D0%B8%D1%80%D0%B5%D0%BA%D1%82%D0%BE%D1%80
Директор филиала/коммерческий директор,ООО Ивита,Орск,https://hh.ru/vacancy/68701686?from=vacancy_search_list&hhtmFrom=vacancy_search_list&query=%D0%B4%D0%B8%D1%80%D0%B5%D0%BA%D1%82%D0%BE%D1%80
Руководитель обособленного подразделения в г. Казань,ООО Металл-Завод,Казань,https://hh.ru/vacancy/68330506?from=vacancy_search_list&hhtmFrom=vacancy_search_list&query=%D0%B4%D0%B8%D1%80%D0%B5%D0%BA%D1%82%D0%BE%D1%80
Руководитель объекта строительства,ООО Гео-Инвест,Севастополь,https://hh.ru/vacancy/68084919?from=vacancy_search_list&hhtmFrom=vacancy_search_list&query=%D0%B4%D0%B8%D1%80%D0%B5%D0%BA%D1%82%D0%BE%D1%80
"Управляющий розничным магазином ТЦ Галерея Астор, Телеграф",Моллис,Ростов-на-Дону,https://hh.ru/vacancy/68202425?from=vacancy_search_list&hhtmFrom=vacancy_search_list&query=%D0%B4%D0%B8%D1%80%D0%B5%D0%BA%D1%82%D0%BE%D1%80
Управляющий дополнительным офисом,АО Коммерческий банк «Хлынов»,Ижевск,https://hh.ru/vacancy/68723376?from=vacancy_search_list&hhtmFrom=vacancy_search_list&query=%D0%B4%D0%B8%D1%80%D0%B5%D0%BA%D1%82%D0%BE%D1%80
Руководитель группы/Руководитель проекта,ИП Белугин Дмитрий Александрович,Орел,https://hh.ru/vacancy/68731159?from=vacancy_search_list&hhtmFrom=vacancy_search_list&query=%D0%B4%D0%B8%D1%80%D0%B5%D0%BA%D1%82%D0%BE%D1%80
Руководитель отдела продаж,ЗНАЕМ КАК,Москва,https://hh.ru/vacancy/66679152?from=vacancy_search_list&hhtmFrom=vacancy_search_list&query=%D0%B4%D0%B8%D1%80%D0%B5%D0%BA%D1%82%D0%BE%D1%80
Директор по персоналу,Сеть фитнес клубов Наутилус,Хабаровск,https://hh.ru/vacancy/68614392?from=vacancy_search_list&hhtmFrom=vacancy_search_list&query=%D0%B4%D0%B8%D1%80%D0%B5%D0%BA%D1%82%D0%BE%D1%80
Руководитель отдела продаж,Наймиум,Москва,https://hh.ru/vacancy/67977853?from=vacancy_search_list&hhtmFrom=vacancy_search_list&query=%D0%B4%D0%B8%D1%80%D0%B5%D0%BA%D1%82%D0%BE%D1%80
Управляющий в бутик женской одежды,Malina Bonita,Нижний Новгород,https://hh.ru/vacancy/68713391?from=vacancy_search_list&hhtmFrom=vacancy_search_list&query=%D0%B4%D0%B8%D1%80%D0%B5%D0%BA%D1%82%D0%BE%D1%80
Коммерческий директор,Леруа Мерлен. Гипермаркеты,Новокузнецк,https://hh.ru/vacancy/68449293?from=vacancy_search_list&hhtmFrom=vacancy_search_list&query=%D0%B4%D0%B8%D1%80%D0%B5%D0%BA%D1%82%D0%BE%D1%80
HR-Директор,BTL FM,Москва,https://hh.ru/vacancy/67495997?from=vacancy_search_list&hhtmFrom=vacancy_search_list&query=%D0%B4%D0%B8%D1%80%D0%B5%D0%BA%D1%82%D0%BE%D1%80
"Директор магазина Светофор, г. Ершов","Светофор, Сеть магазинов низких цен",Ершов,https://hh.ru/vacancy/68711568?from=vacancy_search_list&hhtmFrom=vacancy_search_list&query=%D0%B4%D0%B8%D1%80%D0%B5%D0%BA%D1%82%D0%BE%D1%80
Директор по развитию,АО Экоинжиниринг,Санкт-Петербург,https://hh.ru/vacancy/68600724?from=vacancy_search_list&hhtmFrom=vacancy_search_list&query=%D0%B4%D0%B8%D1%80%D0%B5%D0%BA%D1%82%D0%BE%D1%80
Руководитель отдела продаж загородной недвижимости,ООО Царское Село,Тверь,https://hh.ru/vacancy/68466914?from=vacancy_search_list&hhtmFrom=vacancy_search_list&query=%D0%B4%D0%B8%D1%80%D0%B5%D0%BA%D1%82%D0%BE%D1%80
Директор магазина/Управляющий (ТЦ МЕГА),Charuel,Новосибирск,https://hh.ru/vacancy/67858017?from=vacancy_search_list&hhtmFrom=vacancy_search_list&query=%D0%B4%D0%B8%D1%80%D0%B5%D0%BA%D1%82%D0%BE%D1%80
Начальник производства деревянных домов,ООО Велеса,Шлиссельбург,https://hh.ru/vacancy/68117642?from=vacancy_search_list&hhtmFrom=vacancy_search_list&query=%D0%B4%D0%B8%D1%80%D0%B5%D0%BA%D1%82%D0%BE%D1%80
Директор магазина Светофор (г. Тимашевск),ООО Торгсервис 123,Тимашевск,https://hh.ru/vacancy/68781088?from=vacancy_search_list&hhtmFrom=vacancy_search_list&query=%D0%B4%D0%B8%D1%80%D0%B5%D0%BA%D1%82%D0%BE%D1%80
Директор по производству,Биодевайс,Великий Новгород,https://hh.ru/vacancy/68665713?from=vacancy_search_list&hhtmFrom=vacancy_search_list&query=%D0%B4%D0%B8%D1%80%D0%B5%D0%BA%D1%82%D0%BE%D1%80
Директор парка,Группа компаний Троя,Красноярск,https://hh.ru/vacancy/52870446?from=vacancy_search_list&hhtmFrom=vacancy_search_list&query=%D0%B4%D0%B8%D1%80%D0%B5%D0%BA%D1%82%D0%BE%D1%80
Управляющий в бутик женской одежды,Malina Bonita,Минск,https://hh.ru/vacancy/68515649?from=vacancy_search_list&hhtmFrom=vacancy_search_list&query=%D0%B4%D0%B8%D1%80%D0%B5%D0%BA%D1%82%D0%BE%D1%80
Руководитель службы общественного питания/F&B директор (управляющий),ООО ГК Новиков,Москва,https://hh.ru/vacancy/68264683?from=vacancy_search_list&hhtmFrom=vacancy_search_list&query=%D0%B4%D0%B8%D1%80%D0%B5%D0%BA%D1%82%D0%BE%D1%80
Управляющий пиццерией,ООО Фамильные Пекарни,Воронеж,https://hh.ru/vacancy/68247616?from=vacancy_search_list&hhtmFrom=vacancy_search_list&query=%D0%B4%D0%B8%D1%80%D0%B5%D0%BA%D1%82%D0%BE%D1%80
Исполнительный директор/Операционный директор,ООО Фирма Теплостройпроект-С,Ростов-на-Дону,https://hh.ru/vacancy/68684697?from=vacancy_search_list&hhtmFrom=vacancy_search_list&query=%D0%B4%D0%B8%D1%80%D0%B5%D0%BA%D1%82%D0%BE%D1%80
Управление проектом / Директор направления,ООО Флексом,Москва,https://hh.ru/vacancy/68204716?from=vacancy_search_list&hhtmFrom=vacancy_search_list&query=%D0%B4%D0%B8%D1%80%D0%B5%D0%BA%D1%82%D0%BE%D1%80
"Управляющий магазином (ТЦ ""Торговый Парк"")",NEW YORKER,Тверь,https://hh.ru/vacancy/67469015?from=vacancy_search_list&hhtmFrom=vacancy_search_list&query=%D0%B4%D0%B8%D1%80%D0%B5%D0%BA%D1%82%D0%BE%D1%80
Управляющий магазином New Yorker (ТЦ Космос),NEW YORKER,Ставрополь,https://hh.ru/vacancy/67801718?from=vacancy_search_list&hhtmFrom=vacancy_search_list&query=%D0%B4%D0%B8%D1%80%D0%B5%D0%BA%D1%82%D0%BE%D1%80
Директор магазина ТС Светофор ( п. Джубга ),ООО Торгсервис 123,Джубга,https://hh.ru/vacancy/68781079?from=vacancy_search_list&hhtmFrom=vacancy_search_list&query=%D0%B4%D0%B8%D1%80%D0%B5%D0%BA%D1%82%D0%BE%D1%80
Управляющий по работе с агентствами,RedCat,Москва,https://hh.ru/vacancy/68260954?from=vacancy_search_list&hhtmFrom=vacancy_search_list&query=%D0%B4%D0%B8%D1%80%D0%B5%D0%BA%D1%82%D0%BE%D1%80
Руководитель отдела продаж (коммерция),ООО Техно Лит,Москва,https://hh.ru/vacancy/68231945?from=vacancy_search_list&hhtmFrom=vacancy_search_list&query=%D0%B4%D0%B8%D1%80%D0%B5%D0%BA%D1%82%D0%BE%D1%80
Руководитель технического департамента,ООО АУРА,Новосибирск,https://hh.ru/vacancy/68537621?from=vacancy_search_list&hhtmFrom=vacancy_search_list&query=%D0%B4%D0%B8%D1%80%D0%B5%D0%BA%D1%82%D0%BE%D1%80
Начальник отдела развития продаж,ООО Липецкая трубная компания Свободный сокол,Москва,https://hh.ru/vacancy/67600511?from=vacancy_search_list&hhtmFrom=vacancy_search_list&query=%D0%B4%D0%B8%D1%80%D0%B5%D0%BA%D1%82%D0%BE%D1%80
Начальник производства,ООО НОВЫЙ ЗАВОД,Екатеринбург,https://hh.ru/vacancy/68031335?from=vacancy_search_list&hhtmFrom=vacancy_search_list&query=%D0%B4%D0%B8%D1%80%D0%B5%D0%BA%D1%82%D0%BE%D1%80
Руководитель отдела продаж грузовиков и спецтехники,ООО Грузовая Техника Челябинск,Краснодар,https://hh.ru/vacancy/68780583?from=vacancy_search_list&hhtmFrom=vacancy_search_list&query=%D0%B4%D0%B8%D1%80%D0%B5%D0%BA%D1%82%D0%BE%D1%80
Финансовый директор,ООО Тоталлук,Москва,https://hh.ru/vacancy/68063215?from=vacancy_search_list&hhtmFrom=vacancy_search_list&query=%D0%B4%D0%B8%D1%80%D0%B5%D0%BA%D1%82%D0%BE%D1%80
Начальник отдела по работе с клиентами,ООО Неро Электроникс,Минск,https://hh.ru/vacancy/67013474?from=vacancy_search_list&hhtmFrom=vacancy_search_list&query=%D0%B4%D0%B8%D1%80%D0%B5%D0%BA%D1%82%D0%BE%D1%80
Директор магазина,ООО Восторг 76,Белгород,https://hh.ru/vacancy/68867779?from=vacancy_search_list&hhtmFrom=vacancy_search_list&query=%D0%B4%D0%B8%D1%80%D0%B5%D0%BA%D1%82%D0%BE%D1%80
Территориальный управляющий (офис),Like Центр,Уфа,https://hh.ru/vacancy/68452803?from=vacancy_search_list&hhtmFrom=vacancy_search_list&query=%D0%B4%D0%B8%D1%80%D0%B5%D0%BA%D1%82%D0%BE%D1%80
Управляющая/Управляющий в ногтевую студию,Nail Paradise,Самара,https://hh.ru/vacancy/68827560?from=vacancy_search_list&hhtmFrom=vacancy_search_list&query=%D0%B4%D0%B8%D1%80%D0%B5%D0%BA%D1%82%D0%BE%D1%80
Директор по продукту (СРО),НКО МОНЕТА (ООО),Казань,https://hh.ru/vacancy/68806360?from=vacancy_search_list&hhtmFrom=vacancy_search_list&query=%D0%B4%D0%B8%D1%80%D0%B5%D0%BA%D1%82%D0%BE%D1%80
Директор магазина,ИП IKKI PLUS,Алматы,https://hh.ru/vacancy/68574744?from=vacancy_search_list&hhtmFrom=vacancy_search_list&query=%D0%B4%D0%B8%D1%80%D0%B5%D0%BA%D1%82%D0%BE%D1%80
Директор ресторана KFC,ООО ГлавФудГрупп,Королев,https://hh.ru/vacancy/68714476?from=vacancy_search_list&hhtmFrom=vacancy_search_list&query=%D0%B4%D0%B8%D1%80%D0%B5%D0%BA%D1%82%D0%BE%D1%80
Заместитель директора по оптовым продажам,ООО МЕБЕЛЬ ДЛЯ ВАС,Минск,https://hh.ru/vacancy/68914802?from=vacancy_search_list&hhtmFrom=vacancy_search_list&query=%D0%B4%D0%B8%D1%80%D0%B5%D0%BA%D1%82%D0%BE%D1%80
HR директор,ООО Бинкор,Москва,https://hh.ru/vacancy/68661543?from=vacancy_search_list&hhtmFrom=vacancy_search_list&query=%D0%B4%D0%B8%D1%80%D0%B5%D0%BA%D1%82%D0%BE%D1%80
Директор филиала,ООО КУРЬЕР СЕРВИС ЭКСПРЕСС-ПОВОЛЖЬЕ,Уфа,https://hh.ru/vacancy/68295377?from=vacancy_search_list&hhtmFrom=vacancy_search_list&query=%D0%B4%D0%B8%D1%80%D0%B5%D0%BA%D1%82%D0%BE%D1%80
Директор по развитию розничной сети одежды (франчайзи),Any Service,Санкт-Петербург,https://hh.ru/vacancy/68125434?from=vacancy_search_list&hhtmFrom=vacancy_search_list&query=%D0%B4%D0%B8%D1%80%D0%B5%D0%BA%D1%82%D0%BE%D1%80
Управляющий спа-центром,Welness.Fitness.Spa.BIOSFERA,Москва,https://hh.ru/vacancy/68622485?from=vacancy_search_list&hhtmFrom=vacancy_search_list&query=%D0%B4%D0%B8%D1%80%D0%B5%D0%BA%D1%82%D0%BE%D1%80
Руководитель отдела продаж,ООО Финансовая перезагрузка,Москва,https://hh.ru/vacancy/68289891?from=vacancy_search_list&hhtmFrom=vacancy_search_list&query=%D0%B4%D0%B8%D1%80%D0%B5%D0%BA%D1%82%D0%BE%D1%80
Управляющий пиццерией,Додо Пицца (ООО Обь Пицца Инвест),Новосибирск,https://hh.ru/vacancy/66142574?from=vacancy_search_list&hhtmFrom=vacancy_search_list&query=%D0%B4%D0%B8%D1%80%D0%B5%D0%BA%D1%82%D0%BE%D1%80
Руководитель отдела продаж,Comelit,Москва,https://hh.ru/vacancy/68145913?from=vacancy_search_list&hhtmFrom=vacancy_search_list&query=%D0%B4%D0%B8%D1%80%D0%B5%D0%BA%D1%82%D0%BE%D1%80
Руководитель отдела продаж (строительство блочно-модульных котельных),Группа компаний Олимп Энергетика,Москва,https://hh.ru/vacancy/68739120?from=vacancy_search_list&hhtmFrom=vacancy_search_list&query=%D0%B4%D0%B8%D1%80%D0%B5%D0%BA%D1%82%D0%BE%D1%80
Руководитель сети учебных центров,Учебный Центр Виста,Тверь,https://hh.ru/vacancy/67671408?from=vacancy_search_list&hhtmFrom=vacancy_search_list&query=%D0%B4%D0%B8%D1%80%D0%B5%D0%BA%D1%82%D0%BE%D1%80
Заместитель директора торгового центра (программа кадрового резерва на Директора ТЦ),METRO Cash & Carry,Уфа,https://hh.ru/vacancy/68676096?from=vacancy_search_list&hhtmFrom=vacancy_search_list&query=%D0%B4%D0%B8%D1%80%D0%B5%D0%BA%D1%82%D0%BE%D1%80
Руководитель производства,Мебельная мастерская Бабич,Ярославль,https://hh.ru/vacancy/68938441?from=vacancy_search_list&hhtmFrom=vacancy_search_list&query=%D0%B4%D0%B8%D1%80%D0%B5%D0%BA%D1%82%D0%BE%D1%80
"Начальник отдела продаж РОП на вторичный рынок Сочи, ОАЭ (возможна релокация в Дубай)",MONOLITH -Development,Сочи,https://hh.ru/vacancy/68235235?from=vacancy_search_list&hhtmFrom=vacancy_search_list&query=%D0%B4%D0%B8%D1%80%D0%B5%D0%BA%D1%82%D0%BE%D1%80
Операционный директор/Исполнительный директор,ООО СТЛ,Новосибирск,https://hh.ru/vacancy/68628227?from=vacancy_search_list&hhtmFrom=vacancy_search_list&query=%D0%B4%D0%B8%D1%80%D0%B5%D0%BA%D1%82%D0%BE%D1%80
Технический директор,ТОО ФАСАД ЦЕНТР (Fasad centr),Алматы,https://hh.ru/vacancy/68677683?from=vacancy_search_list&hhtmFrom=vacancy_search_list&query=%D0%B4%D0%B8%D1%80%D0%B5%D0%BA%D1%82%D0%BE%D1%80
Руководитель отдела продаж,Мебельная фабрика Джинн,Иркутск,https://hh.ru/vacancy/68131590?from=vacancy_search_list&hhtmFrom=vacancy_search_list&query=%D0%B4%D0%B8%D1%80%D0%B5%D0%BA%D1%82%D0%BE%D1%80
Операционный директор,Flute service,Москва,https://hh.ru/vacancy/68410965?from=vacancy_search_list&hhtmFrom=vacancy_search_list&query=%D0%B4%D0%B8%D1%80%D0%B5%D0%BA%D1%82%D0%BE%D1%80
Управляющий директор по организационному развитию,Банк ВТБ (ПАО),Москва,https://hh.ru/vacancy/68062169?from=vacancy_search_list&hhtmFrom=vacancy_search_list&query=%D0%B4%D0%B8%D1%80%D0%B5%D0%BA%D1%82%D0%BE%D1%80
Руководитель отдела продаж - электротехническое оборудование / светотехника / КНС / НКУ,ООО Компания КЛАЙВ,Москва,https://hh.ru/vacancy/68261063?from=vacancy_search_list&hhtmFrom=vacancy_search_list&query=%D0%B4%D0%B8%D1%80%D0%B5%D0%BA%D1%82%D0%BE%D1%80
Руководитель магазина картонной упаковки,ООО ГофроМир,Москва,https://hh.ru/vacancy/68152161?from=vacancy_search_list&hhtmFrom=vacancy_search_list&query=%D0%B4%D0%B8%D1%80%D0%B5%D0%BA%D1%82%D0%BE%D1%80
Директор филиала розничной сети,Франчайзинговая розничная сеть Галамарт,Москва,https://hh.ru/vacancy/55573638?from=vacancy_search_list&hhtmFrom=vacancy_search_list&query=%D0%B4%D0%B8%D1%80%D0%B5%D0%BA%D1%82%D0%BE%D1%80
Директор по производству,ООО Сервисная угольная компания,Новокузнецк,https://hh.ru/vacancy/48962402?from=vacancy_search_list&hhtmFrom=vacancy_search_list&query=%D0%B4%D0%B8%D1%80%D0%B5%D0%BA%D1%82%D0%BE%D1%80
Директор учебного центра,СИНЕРГИЯ,Москва,https://hh.ru/vacancy/67362571?from=vacancy_search_list&hhtmFrom=vacancy_search_list&query=%D0%B4%D0%B8%D1%80%D0%B5%D0%BA%D1%82%D0%BE%D1%80
Директор / начальник производства (POS материалы),ООО ПластМетТехнолоджи,Санкт-Петербург,https://hh.ru/vacancy/68603411?from=vacancy_search_list&hhtmFrom=vacancy_search_list&query=%D0%B4%D0%B8%D1%80%D0%B5%D0%BA%D1%82%D0%BE%D1%80
Управляющий/Директор магазина (ТЦ Седанка),Федеральная сеть книжных магазинов Читай-город,Владивосток,https://hh.ru/vacancy/68077560?from=vacancy_search_list&hhtmFrom=vacancy_search_list&query=%D0%B4%D0%B8%D1%80%D0%B5%D0%BA%D1%82%D0%BE%D1%80
Директор по продукту (СРО),НКО МОНЕТА (ООО),НКО МОНЕТА (ООО),https://hh.ru/vacancy/68806359?from=vacancy_search_list&hhtmFrom=vacancy_search_list&query=%D0%B4%D0%B8%D1%80%D0%B5%D0%BA%D1%82%D0%BE%D1%80
Директор по развитию и привлечению новых клиентов,ООО Детская бухта,Москва,https://hh.ru/vacancy/68111652?from=vacancy_search_list&hhtmFrom=vacancy_search_list&query=%D0%B4%D0%B8%D1%80%D0%B5%D0%BA%D1%82%D0%BE%D1%80
Директор по продажам / Sales director,Lifehacker Coffee,Lifehacker Coffee,https://hh.ru/vacancy/68386029?from=vacancy_search_list&hhtmFrom=vacancy_search_list&query=%D0%B4%D0%B8%D1%80%D0%B5%D0%BA%D1%82%D0%BE%D1%80
"Директор магазина / Управляющий ТЦ ""Променад 2""",Федеральная сеть книжных магазинов Читай-город,Кемерово,https://hh.ru/vacancy/66979851?from=vacancy_search_list&hhtmFrom=vacancy_search_list&query=%D0%B4%D0%B8%D1%80%D0%B5%D0%BA%D1%82%D0%BE%D1%80
Руководитель отдела развития VERATORS,ООО Вераторс,Чебоксары,https://hh.ru/vacancy/68693875?from=vacancy_search_list&hhtmFrom=vacancy_search_list&query=%D0%B4%D0%B8%D1%80%D0%B5%D0%BA%D1%82%D0%BE%D1%80
"Директор магазина (ТЦ""Бекжан"")",ТОО Глория Джинс Каспиан,Шымкент,https://hh.ru/vacancy/68392509?from=vacancy_search_list&hhtmFrom=vacancy_search_list&query=%D0%B4%D0%B8%D1%80%D0%B5%D0%BA%D1%82%D0%BE%D1%80
Операционный директор,ООО АЗБУКА ЗНАНИЙ,Москва,https://hh.ru/vacancy/68662458?from=vacancy_search_list&hhtmFrom=vacancy_search_list&query=%D0%B4%D0%B8%D1%80%D0%B5%D0%BA%D1%82%D0%BE%D1%80
Управляющий,Пекарня Булки,Санкт-Петербург,https://hh.ru/vacancy/68173143?from=vacancy_search_list&hhtmFrom=vacancy_search_list&query=%D0%B4%D0%B8%D1%80%D0%B5%D0%BA%D1%82%D0%BE%D1%80
Руководитель отдела продаж (B2B),ООО ФАСТИМПОРТ,Москва,https://hh.ru/vacancy/68876924?from=vacancy_search_list&hhtmFrom=vacancy_search_list&query=%D0%B4%D0%B8%D1%80%D0%B5%D0%BA%D1%82%D0%BE%D1%80
Начальник управления, Альфа-Банк,Комсомольск-на-Амуре,https://hh.ru/vacancy/68631169?from=vacancy_search_list&hhtmFrom=vacancy_search_list&query=%D0%B4%D0%B8%D1%80%D0%B5%D0%BA%D1%82%D0%BE%D1%80
Заместитель директора по продажам,АО Управляющая компания группы предприятий Готэк,Белгород,https://hh.ru/vacancy/55008661?from=vacancy_search_list&hhtmFrom=vacancy_search_list&query=%D0%B4%D0%B8%D1%80%D0%B5%D0%BA%D1%82%D0%BE%D1%80
Директор магазина CHARUEL,Charuel,Москва,https://hh.ru/vacancy/68579774?from=vacancy_search_list&hhtmFrom=vacancy_search_list&query=%D0%B4%D0%B8%D1%80%D0%B5%D0%BA%D1%82%D0%BE%D1%80
Руководитель обособленного подразделения,ООО ПОЖТЕХПРОМ,Санкт-Петербург,https://hh.ru/vacancy/68218204?from=vacancy_search_list&hhtmFrom=vacancy_search_list&query=%D0%B4%D0%B8%D1%80%D0%B5%D0%BA%D1%82%D0%BE%D1%80
Исполнительный директор автосалона,ТОО Урал-Кров-Авто Плюс,Уральск,https://hh.ru/vacancy/68438693?from=vacancy_search_list&hhtmFrom=vacancy_search_list&query=%D0%B4%D0%B8%D1%80%D0%B5%D0%BA%D1%82%D0%BE%D1%80
"Управляющий точкой ""Fresh Mango""",Фреш Манго,Екатеринбург,https://hh.ru/vacancy/68697706?from=vacancy_search_list&hhtmFrom=vacancy_search_list&query=%D0%B4%D0%B8%D1%80%D0%B5%D0%BA%D1%82%D0%BE%D1%80
Территориальный управляющий АЗС,ООО ГазОйл,Рубцовск,https://hh.ru/vacancy/68442798?from=vacancy_search_list&hhtmFrom=vacancy_search_list&query=%D0%B4%D0%B8%D1%80%D0%B5%D0%BA%D1%82%D0%BE%D1%80
Управляющий филиалом школы программирования и робототехники,ООО Лига Роботов,Москва,https://hh.ru/vacancy/68205967?from=vacancy_search_list&hhtmFrom=vacancy_search_list&query=%D0%B4%D0%B8%D1%80%D0%B5%D0%BA%D1%82%D0%BE%D1%80
Директор магазина,ARYA HOME,Мытищи,https://hh.ru/vacancy/68816936?from=vacancy_search_list&hhtmFrom=vacancy_search_list&query=%D0%B4%D0%B8%D1%80%D0%B5%D0%BA%D1%82%D0%BE%D1%80
Директор по персоналу,ООО Книт,Санкт-Петербург,https://hh.ru/vacancy/67645532?from=vacancy_search_list&hhtmFrom=vacancy_search_list&query=%D0%B4%D0%B8%D1%80%D0%B5%D0%BA%D1%82%D0%BE%D1%80
Начальник отдела сбыта и сервисного обслуживания,ОАО МНИПИ,Минск,https://hh.ru/vacancy/68737278?from=vacancy_search_list&hhtmFrom=vacancy_search_list&query=%D0%B4%D0%B8%D1%80%D0%B5%D0%BA%D1%82%D0%BE%D1%80
Директор магазина одежды,MODIS,Нальчик,https://hh.ru/vacancy/68126063?from=vacancy_search_list&hhtmFrom=vacancy_search_list&query=%D0%B4%D0%B8%D1%80%D0%B5%D0%BA%D1%82%D0%BE%D1%80
Руководитель лизинговой компании,АО Виш Хоум Девелопмент,Москва,https://hh.ru/vacancy/68252904?from=vacancy_search_list&hhtmFrom=vacancy_search_list&query=%D0%B4%D0%B8%D1%80%D0%B5%D0%BA%D1%82%D0%BE%D1%80
Директор Клиники,ООО Варикоза Нет,Самара,https://hh.ru/vacancy/68649076?from=vacancy_search_list&hhtmFrom=vacancy_search_list&query=%D0%B4%D0%B8%D1%80%D0%B5%D0%BA%D1%82%D0%BE%D1%80
Руководитель офисов продаж/сопровождения клиентов,ООО Движение,Воронеж,https://hh.ru/vacancy/68440227?from=vacancy_search_list&hhtmFrom=vacancy_search_list&query=%D0%B4%D0%B8%D1%80%D0%B5%D0%BA%D1%82%D0%BE%D1%80
Директор региональных продаж (удаленно),Федеральная сеть баров,Москва,https://hh.ru/vacancy/67754151?from=vacancy_search_list&hhtmFrom=vacancy_search_list&query=%D0%B4%D0%B8%D1%80%D0%B5%D0%BA%D1%82%D0%BE%D1%80
Директор супермаркета (пр-т Королёва),"Лента, федеральная розничная сеть, Супермаркет",Королев,https://hh.ru/vacancy/55564251?from=vacancy_search_list&hhtmFrom=vacancy_search_list&query=%D0%B4%D0%B8%D1%80%D0%B5%D0%BA%D1%82%D0%BE%D1%80
Руководитель группы продаж,ООО ИТ Эксперт Информсистемы,Саратов,https://hh.ru/vacancy/68863148?from=vacancy_search_list&hhtmFrom=vacancy_search_list&query=%D0%B4%D0%B8%D1%80%D0%B5%D0%BA%D1%82%D0%BE%D1%80
HR директор,"ТОО Prostaff (HR Капитал, ТМ)",Нур-Султан,https://hh.ru/vacancy/67477252?from=vacancy_search_list&hhtmFrom=vacancy_search_list&query=%D0%B4%D0%B8%D1%80%D0%B5%D0%BA%D1%82%D0%BE%D1%80
"Территориальный директор (г. Нижний Новгород, 5 студий)",Компания «Мария». Вакансии в студиях,Нижний Новгород,https://hh.ru/vacancy/67470712?from=vacancy_search_list&hhtmFrom=vacancy_search_list&query=%D0%B4%D0%B8%D1%80%D0%B5%D0%BA%D1%82%D0%BE%D1%80
Региональный директор по развитию (франчайзинг),ООО Арома Тренд,Москва,https://hh.ru/vacancy/68066800?from=vacancy_search_list&hhtmFrom=vacancy_search_list&query=%D0%B4%D0%B8%D1%80%D0%B5%D0%BA%D1%82%D0%BE%D1%80
Управляющий магазином,ООО Чижик,Щелково,https://hh.ru/vacancy/68583334?from=vacancy_search_list&hhtmFrom=vacancy_search_list&query=%D0%B4%D0%B8%D1%80%D0%B5%D0%BA%D1%82%D0%BE%D1%80
Руководитель отдела / Начальник отдела продаж элитной загородной недвижимости,ООО Аллея недвижимости,Москва,https://hh.ru/vacancy/67622772?from=vacancy_search_list&hhtmFrom=vacancy_search_list&query=%D0%B4%D0%B8%D1%80%D0%B5%D0%BA%D1%82%D0%BE%D1%80
Заместитель директора по продажам,АО Управляющая компания группы предприятий Готэк,Орел,https://hh.ru/vacancy/55008659?from=vacancy_search_list&hhtmFrom=vacancy_search_list&query=%D0%B4%D0%B8%D1%80%D0%B5%D0%BA%D1%82%D0%BE%D1%80
HR-директор,ООО Честный Тариф,Москва,https://hh.ru/vacancy/68576557?from=vacancy_search_list&hhtmFrom=vacancy_search_list&query=%D0%B4%D0%B8%D1%80%D0%B5%D0%BA%D1%82%D0%BE%D1%80
Директор по персоналу (HR- директор),ООО РОСТАР,Казань,https://hh.ru/vacancy/68650727?from=vacancy_search_list&hhtmFrom=vacancy_search_list&query=%D0%B4%D0%B8%D1%80%D0%B5%D0%BA%D1%82%D0%BE%D1%80
Руководитель направления продаж в регионе ПФО,Терминус,Москва,https://hh.ru/vacancy/68353903?from=vacancy_search_list&hhtmFrom=vacancy_search_list&query=%D0%B4%D0%B8%D1%80%D0%B5%D0%BA%D1%82%D0%BE%D1%80
Руководитель GR,THINK24,Санкт-Петербург,https://hh.ru/vacancy/67340231?from=vacancy_search_list&hhtmFrom=vacancy_search_list&query=%D0%B4%D0%B8%D1%80%D0%B5%D0%BA%D1%82%D0%BE%D1%80
Директор магазина,билайн: Офисы продаж,Агинское,https://hh.ru/vacancy/68592399?from=vacancy_search_list&hhtmFrom=vacancy_search_list&query=%D0%B4%D0%B8%D1%80%D0%B5%D0%BA%D1%82%D0%BE%D1%80
Руководитель отдела HR,"ТОО Prostaff (HR Капитал, ТМ)",Алматы,https://hh.ru/vacancy/68888419?from=vacancy_search_list&hhtmFrom=vacancy_search_list&query=%D0%B4%D0%B8%D1%80%D0%B5%D0%BA%D1%82%D0%BE%D1%80
Руководитель Управления продаж,MAURO PRATO,Москва,https://hh.ru/vacancy/68569081?from=vacancy_search_list&hhtmFrom=vacancy_search_list&query=%D0%B4%D0%B8%D1%80%D0%B5%D0%BA%D1%82%D0%BE%D1%80
Дивизиональный директор,ООО Восхождение,Красноярск,https://hh.ru/vacancy/68558611?from=vacancy_search_list&hhtmFrom=vacancy_search_list&query=%D0%B4%D0%B8%D1%80%D0%B5%D0%BA%D1%82%D0%BE%D1%80
Управляющий в билингвальный детский сад,Сеть английских детских клубов и начальная школа Discovery,Москва,https://hh.ru/vacancy/68480250?from=vacancy_search_list&hhtmFrom=vacancy_search_list&query=%D0%B4%D0%B8%D1%80%D0%B5%D0%BA%D1%82%D0%BE%D1%80
"Управляющий магазином (ТЦ ""Макси"")",NEW YORKER,Киров (Кировская область),https://hh.ru/vacancy/55504230?from=vacancy_search_list&hhtmFrom=vacancy_search_list&query=%D0%B4%D0%B8%D1%80%D0%B5%D0%BA%D1%82%D0%BE%D1%80
Директор по персоналу,ИП Щипцова Ольга Викторовна,Санкт-Петербург,https://hh.ru/vacancy/68312655?from=vacancy_search_list&hhtmFrom=vacancy_search_list&query=%D0%B4%D0%B8%D1%80%D0%B5%D0%BA%D1%82%D0%BE%D1%80
Руководитель по складским операциям,Леруа Мерлен. Склады,Санкт-Петербург,https://hh.ru/vacancy/67975699?from=vacancy_search_list&hhtmFrom=vacancy_search_list&query=%D0%B4%D0%B8%D1%80%D0%B5%D0%BA%D1%82%D0%BE%D1%80
Технический директор,ООО Восхождение,Балашиха,https://hh.ru/vacancy/68024990?from=vacancy_search_list&hhtmFrom=vacancy_search_list&query=%D0%B4%D0%B8%D1%80%D0%B5%D0%BA%D1%82%D0%BE%D1%80
Управляющий магазином,ТОО RICH FAMILY COMPANY (РИЧ ФЭМИЛИ КОМПАНИ),Алматы,https://hh.ru/vacancy/68861488?from=vacancy_search_list&hhtmFrom=vacancy_search_list&query=%D0%B4%D0%B8%D1%80%D0%B5%D0%BA%D1%82%D0%BE%D1%80
Руководитель группы продаж (B2B),ООО Первое Национальное Рекламное Агентство,Москва,https://hh.ru/vacancy/68380949?from=vacancy_search_list&hhtmFrom=vacancy_search_list&query=%D0%B4%D0%B8%D1%80%D0%B5%D0%BA%D1%82%D0%BE%D1%80
Руководитель филиала,ТОО Идеал Трейд,Нур-Султан,https://hh.ru/vacancy/68239268?from=vacancy_search_list&hhtmFrom=vacancy_search_list&query=%D0%B4%D0%B8%D1%80%D0%B5%D0%BA%D1%82%D0%BE%D1%80
Руководитель отдела продаж / РОП,ТОО Как в кино,Караганда,https://hh.ru/vacancy/68226487?from=vacancy_search_list&hhtmFrom=vacancy_search_list&query=%D0%B4%D0%B8%D1%80%D0%B5%D0%BA%D1%82%D0%BE%D1%80
Управляющий магазином,ООО Чижик,Невьянск,https://hh.ru/vacancy/68376325?from=vacancy_search_list&hhtmFrom=vacancy_search_list&query=%D0%B4%D0%B8%D1%80%D0%B5%D0%BA%D1%82%D0%BE%D1%80
Директор департамента маркетинга и продаж,ТОО Вайпоинг,Нур-Султан,https://hh.ru/vacancy/68133306?from=vacancy_search_list&hhtmFrom=vacancy_search_list&query=%D0%B4%D0%B8%D1%80%D0%B5%D0%BA%D1%82%D0%BE%D1%80
Управляющий директор,ООО ВОЛГАЭКСПОСЕРВИС,Самара,https://hh.ru/vacancy/68613379?from=vacancy_search_list&hhtmFrom=vacancy_search_list&query=%D0%B4%D0%B8%D1%80%D0%B5%D0%BA%D1%82%D0%BE%D1%80
Руководитель Отдела Продаж / Директор по Продажам (онлайн),Первый Центр Брака и Семьи,Санкт-Петербург,https://hh.ru/vacancy/68756923?from=vacancy_search_list&hhtmFrom=vacancy_search_list&query=%D0%B4%D0%B8%D1%80%D0%B5%D0%BA%D1%82%D0%BE%D1%80
Директор по персоналу,ACEA,Москва,https://hh.ru/vacancy/68058812?from=vacancy_search_list&hhtmFrom=vacancy_search_list&query=%D0%B4%D0%B8%D1%80%D0%B5%D0%BA%D1%82%D0%BE%D1%80
Директор по персоналу (HR- директор),ООО РОСТАР,Уфа,https://hh.ru/vacancy/68650730?from=vacancy_search_list&hhtmFrom=vacancy_search_list&query=%D0%B4%D0%B8%D1%80%D0%B5%D0%BA%D1%82%D0%BE%D1%80
Руководитель шинного центра,ООО ЗАПАСКА,Новосибирск,https://hh.ru/vacancy/68182791?from=vacancy_search_list&hhtmFrom=vacancy_search_list&query=%D0%B4%D0%B8%D1%80%D0%B5%D0%BA%D1%82%D0%BE%D1%80
HR Директор (Руководитель отдела персонала),ДИНАЛ,Новосибирск,https://hh.ru/vacancy/68180452?from=vacancy_search_list&hhtmFrom=vacancy_search_list&query=%D0%B4%D0%B8%D1%80%D0%B5%D0%BA%D1%82%D0%BE%D1%80
Руководитель секции (улица Елизаровых),"Лента, федеральная розничная сеть, Гипермаркет",Томск,https://hh.ru/vacancy/68252013?from=vacancy_search_list&hhtmFrom=vacancy_search_list&query=%D0%B4%D0%B8%D1%80%D0%B5%D0%BA%D1%82%D0%BE%D1%80
"Управляющий салоном/отделом розничных продаж (ламинат, сантехника, двери, керамическая плитка, обои)",ООО ОТДЕЛКИНО CITY,Москва,https://hh.ru/vacancy/68295917?from=vacancy_search_list&hhtmFrom=vacancy_search_list&query=%D0%B4%D0%B8%D1%80%D0%B5%D0%BA%D1%82%D0%BE%D1%80
Руководитель в г. Сочи,Реал Инвест,Сочи,https://hh.ru/vacancy/66171147?from=vacancy_search_list&hhtmFrom=vacancy_search_list&query=%D0%B4%D0%B8%D1%80%D0%B5%D0%BA%D1%82%D0%BE%D1%80
Руководитель направления дилерских продаж (Стоматология),Корос Груп,Москва,https://hh.ru/vacancy/68620420?from=vacancy_search_list&hhtmFrom=vacancy_search_list&query=%D0%B4%D0%B8%D1%80%D0%B5%D0%BA%D1%82%D0%BE%D1%80
Руководитель отдела продаж Akbirova Art (удалённо),ООО АртЛаб Групп,Казань,https://hh.ru/vacancy/68531150?from=vacancy_search_list&hhtmFrom=vacancy_search_list&query=%D0%B4%D0%B8%D1%80%D0%B5%D0%BA%D1%82%D0%BE%D1%80
Руководитель по развитию партнерской сети,ONEHOUSE,Москва,https://hh.ru/vacancy/68055894?from=vacancy_search_list&hhtmFrom=vacancy_search_list&query=%D0%B4%D0%B8%D1%80%D0%B5%D0%BA%D1%82%D0%BE%D1%80
Управляющий салона оптики,ТОО ДЖОПС,Алматы,https://hh.ru/vacancy/68331979?from=vacancy_search_list&hhtmFrom=vacancy_search_list&query=%D0%B4%D0%B8%D1%80%D0%B5%D0%BA%D1%82%D0%BE%D1%80
Руководитель дивизиона автомобильного направления,ТОО Wurth Kazakhstan Ltd,Алматы,https://hh.ru/vacancy/68006373?from=vacancy_search_list&hhtmFrom=vacancy_search_list&query=%D0%B4%D0%B8%D1%80%D0%B5%D0%BA%D1%82%D0%BE%D1%80
Директор/Управляющий магазином одежды (ТЦ Альтаир),MODIS,Ярославль,https://hh.ru/vacancy/68893860?from=vacancy_search_list&hhtmFrom=vacancy_search_list&query=%D0%B4%D0%B8%D1%80%D0%B5%D0%BA%D1%82%D0%BE%D1%80
Директор по Закупкам (ювелирный рынок),ИП Волчанская Анастасия Александровна,Москва,https://hh.ru/vacancy/68618902?from=vacancy_search_list&hhtmFrom=vacancy_search_list&query=%D0%B4%D0%B8%D1%80%D0%B5%D0%BA%D1%82%D0%BE%D1%80
Региональный директор,ООО Brinex,Набережные Челны,https://hh.ru/vacancy/68677036?from=vacancy_search_list&hhtmFrom=vacancy_search_list&query=%D0%B4%D0%B8%D1%80%D0%B5%D0%BA%D1%82%D0%BE%D1%80
Директор по продажам,ООО Базис Геномик,Новосибирск,https://hh.ru/vacancy/67926176?from=vacancy_search_list&hhtmFrom=vacancy_search_list&query=%D0%B4%D0%B8%D1%80%D0%B5%D0%BA%D1%82%D0%BE%D1%80
Управляющий магазином,ООО Чижик,Новоуральск,https://hh.ru/vacancy/67991759?from=vacancy_search_list&hhtmFrom=vacancy_search_list&query=%D0%B4%D0%B8%D1%80%D0%B5%D0%BA%D1%82%D0%BE%D1%80
Территориальный директор по продажам,ИП Яценюк Денис Александрович,Москва,https://hh.ru/vacancy/68492800?from=vacancy_search_list&hhtmFrom=vacancy_search_list&query=%D0%B4%D0%B8%D1%80%D0%B5%D0%BA%D1%82%D0%BE%D1%80
Руководитель отдела продаж (металлопрокат),ООО Инокспоинт Групп,Москва,https://hh.ru/vacancy/67971887?from=vacancy_search_list&hhtmFrom=vacancy_search_list&query=%D0%B4%D0%B8%D1%80%D0%B5%D0%BA%D1%82%D0%BE%D1%80
